88135-800,Rua Morro dos Quadros
88135-600,Estrada Sertãozinho
88135-805,Rua Beato João da Silva
88135-795,Rua José João da Silva
88135-790,Rua José Fidêncio Horsttmann
88135-787,Rua Maria Verônica
88135-786,Rua Pedro João da Silva
88135-785,Rua José Jerônimo da Silva
88135-780,Rua Amilton Neckel
88135-775,Rua José Ferreira Macedo Sobrinho
88135-774,Rua Francisco Andrade Pires
88135-772,Servidão Maria José Goulart
88135-770,Rua Rogério Coelho
88135-767,Rua Salvador João de Quadros
88135-766,Rua Hugolino Francisco Duarte
88135-765,Rua Dona Chiquinha
88135-763,Rua João José de Pinho
88135-760,Rua Carlos Schwinden
88135-753,Rua dos Pinheiros
88135-752,Rua das Barreiras
88135-751,Rua dos Eucaliptos
88135-750,Rua Vale das Gaivotas
88135-747,Rua Mário Sergio de Oliveira
88135-746,Servidão João Figueiredo Goulart
88135-745,Servidão Orgel Rodrigues Nunes
88135-743,Rua Priscila Vanessa Rosa
88135-742,Rua Saudeli Duarte
88135-740,Rua Francisco Duarte
88135-739,Rua Valcioni Duarte
88135-738,Rua Rodrigo Duarte
88135-737,Rua Jailton Alexandre Alves
88135-736,Servidão Seemann
88135-735,Rua Hipólito Vicente Machado
88135-734,Rua Santos
88135-733,Rua Maria Isabel Rodrigues
88135-732,Travessa João Alves
88135-731,Servidão Fredolino Rieg
88135-730,Rua Vereador Rogério da Silva
88135-729,Rua Izauro Pereira
88135-726,Rua Vitória Maria Vieira
88135-724,Rua Pedro José Goulart
88135-723,Rua João Cesconetto
88135-722,Rua Roque Duarte
88135-721,Rua Rita Mazzucco Cesconetto
88135-720,Rua César Renê Wagner
88135-710,Rua Frei Lúcio Hogefeld
88135-700,Rua Evaldo Carlos Broering
88135-695,Rua Nossa Senhora das Graças
88135-690,Rua Neca Vicente
88135-680,Rua Jequitibá
88135-675,Rua Rafael Schreiber
88135-665,Rua Adélia Werlich Bruch
88135-664,Servidão 1090
88135-663,Servidão 1085
88135-662,Servidão 1080
88135-661,Servidão 1075
88135-660,Rua José Maria de Souza
88135-659,Servidão 1070
88135-658,Servidão 1065
88135-657,Rua Eduarda de Farias
88135-656,Servidão Carlos Silva
88135-655,Servidão 5788
88135-654,Servidão Vô Lico
88135-653,Servidão 985
88135-652,Rua 809
88135-651,Rua 1019
88135-650,Rua São Pedro
88135-648,Servidão Manoel Joaquim Soares
88135-645,Rua João Manoel Rosa
88135-640,Rua Frida Probst Rosar
88135-639,Servidão Dalila de Souza
88135-638,Rua João Gabriel de Souza
88135-637,Servidão 948
88135-636,Rua 216
88135-635,Rua 215
88135-634,Servidão 1039
88135-633,Servidão 1038
88135-632,Rua 887
88135-631,Rua 989
88135-630,Rua 183
88135-629,Rua 823
88135-628,Rua Frango Morgana
88135-627,Travessa José Jeronimo da Silva
88135-626,Travessa 4852
88135-625,Servidão 4437
88135-624,Servidão 3427
88135-623,Rua Colégio Nossa Senhora de Fátima
88135-622,Servidão 3110
88135-621,Rua José Santana
88135-620,Rua da Olaria
88135-619,Rua José Julino da Silva
88135-618,Rua João Faizel
88135-617,Rua Furna
88135-616,Rua Virgílio Elias Justo
88135-615,Servidão da Paz
88135-614,Rua Irineu Petry
88135-613,Rua Mateus Guardi
88135-612,Rua Valmor Schiwinden
88135-611,Rua Alan Bruno
88135-610,Rua Graciliana da Silva
88135-609,Rua Osni Kuhnen
88135-608,Servidão do Maneca
88135-607,Rua Jair José dos Passos
88135-606,Rua Clemente Freitas
88135-604,Rua Lindolfo Antônio Serino
88135-603,Rua Tapuia
88135-601,Servidão Quintino Bocaiúva
88135-490,Rua Pedro José Rosar
88135-485,Rua Geciel José Medeiros
88135-480,Rua José Juvêncio dos Passos
88135-467,Rua Edmundo João de Souza
88135-462,Servidão João Antero Dias
88135-401,Avenida São Cristóvão
88139-899,Área Rural
88135-605,Rua Santa Rita
88135-550,Rua Virgílio Elias Justo
88135-546,Avenida Dário da Silva Mattos
88135-533,Rua João Eliseu de Campos
88135-532,Rua Aliança
88135-530,Rua Professor Aureliano Francisco de Medeiros
88135-525,Servidão José Kirchner
88135-505,Rua Valdomiro José da Silva
88135-500,Rua Felisberto José da Silva
88135-477,Rua Vicente Theodoro Luiz
88135-475,Rua Ivo João da Silva
88135-473,Servidão Hermes Macedo
88135-472,Rua João Silva
88135-470,Servidão Clemente José da Silva
88135-465,Servidão Marieta Andrade Pires de Macedo
88135-464,Servidão Nova Geração
88135-463,Servidão Valdemar Tomaz Vitório
88135-460,Rua Nossa Senhora de Fátima
88135-455,Servidão Maurício Pereira
88135-450,Rua José Natividade de Medeiros
88135-446,Servidão Paulino Schmidt
88135-445,Avenida Axial das Torres
88135-442,Travessa Sandro Botticelli
88135-440,Travessa Carlo Fontana
88135-438,Travessa Aldo Rossi
88135-436,Travessa Donato Bramante
88135-434,Rua Giacomo Della Porta
88135-432,Rua Giovanni Pisano
88135-430,Rua Francesco Botticini
88135-420,Rua Pedro Theisen Júnior
88135-412,Rua Renan Nahas Ávila
88135-411,Servidão José Calazans
88135-410,Rua José Caetano Silveira
88135-405,Rua Tapuia
88135-334,Rua Universal
88135-326,Rua Elpídio dos Santos
88135-307,Servidão Rafael Manoel da Silva
88135-302,Servidão Amâncio Martins
88135-299,Rua Jorge Marcelino Coelho
88135-298,Rua Valério Pellegrini
88135-292,Servidão Osvaldo Graf
88135-290,Servidão Francisco Jordão
88135-280,Rua Afonso Popenga
88135-275,Rua Aduci Diniz
88135-274,Rua Olavo Debiasi
88135-273,Rua Arthur de Brito
88135-272,Rua Cristian da Silva Alexandre
88135-270,Rua Antônio Benedito da Silva
88135-265,Rua Germano Ender
88135-263,Rua Palmira Seola
88135-260,Rua Manoel Lapa de Souza
88135-259,Rua Tereza Scheidt Luchtenberg
88135-258,Servidão Maria Helena de Medeiros
88135-257,Rua Emily Alice Schütz
88135-256,Rua Eugênio Bispo Chaves
88135-255,Rua José Domingos de Medeiros
88135-253,Rua Minervina Maria de Medeiros Quadros
88135-250,Rua Pedro Wersdorfer Júnior
88135-247,Rua Valmor Schütz
88135-245,Servidão Manuel Duarte da Silva
88135-243,Rua Fridolino Jacob Schütz
88135-240,Rua Manoel Tomé Garcia
88135-237,Servidão João Pedro da Silva
88135-235,Rua Antônia Job
88135-233,Rua Genesaré
88135-230,Rua Saturnino Mello
88135-224,Rua Odete da Silva Santos
88135-222,Rua Pedro Lindolfo Schütz
88135-221,Rua Ialene Schütz Horstmann
88135-220,Rua Lauro Rosar
88135-219,Rua Teresa Luchtenberg Schütz
88135-218,Rua Rodolfo Weiss
88135-217,Rua Evaldo Passig
88135-216,Rua Érica Nicoleit Weiss
88135-215,Rua Martinho Lutero
88135-214,Rua Adam Schütz
88135-212,Rua dos Lagos
88135-210,Travessa Figueira
88135-208,Rua da Olaria
88135-206,Rua Paulina Schlosser Passig
88135-204,Rua Ivone Weiss Schütz
88135-202,Avenida Nelson Baltazar Schütz
88135-200,Rua Leopoldo Schutz
88135-197,Rua Lauri Schütz
88135-194,Rua 179
88135-193,Rua 189
88135-192,Servidão Levi Guthia
88135-191,Rua Adolfo Scheidt
88135-190,Rua Adolfo Lopes Maciel
88135-188,Rua Santo Antônio
88135-186,Rua Valdir Guthia
88135-185,Rua Eugênia Pereira Cardoso
88135-183,Servidão Olimpio Emilio Pfleger
88135-180,Rua Henrique José da Silva
88135-177,Servidão Paulo Pedro de Souza
88135-175,Servidão Imperatriz
88135-170,Rua Santa Filomena
88135-160,Rua São Francisco de Assis
88135-155,Rua Arno Frederico Schlemper
88135-148,Servidão Bernardo Steffens
88135-147,Servidão Maria José de Melo
88135-145,Rua Aristides Francisco de Melo
88135-135,Servidão Zalvo José Garcia
88135-130,Rua Albertina Maria Quadros
88135-120,Servidão Oscar Martins
88135-112,Rua Francisco Bernardino da Luz
88135-110,Rua Maria Antônia de Sá
88135-108,Rua Lages
88135-107,Rua Curitibanos
88135-105,Rua Pomerode
88135-104,Rua São Leopoldo
88135-103,Rua Diplomata
88135-102,Rua São Vicente
88135-082,Rua Antônio Prim
88135-081,Rua Marta da Silva
88135-080,Rua José Fernandes Garcia
88135-070,Rua Noberto João de Medeiros
88135-068,Rua Alvaro José Garcia
88135-065,Servidão José Pereira
88135-063,Rua Santa Terezinha de Jesus
88135-060,Rua Heleno Garcia
88135-058,Servidão Mazon Ceola
88135-055,Servidão Santa Cecília
88135-054,Rua Valdir João Ferreira
88135-050,Rua Gervásio João da Silva
88135-048,Rua Horácio de Sá
88135-047,Rua Clotildo Frutuoso Lopes
88135-045,Rua Antônio José da Silva
88135-044,Rua José Orival Goedert
88135-043,Rua José Mello
88135-042,Rua Marcos José da Silva
88135-040,Rua João José da Silva
88135-039,Servidão Olga Serino
88135-038,Rua Arcendino Antônio Cirino
88135-037,Servidão Ari Angelo Martins
88135-036,Servidão José Antônio Cerino
88135-035,Rua Santa Catarina
88135-034,Servidão Manoel Emílio Espíndola
88135-032,Rua Manoel de Abreu
88135-031,Rua Aldo Estacino Patrício
88135-030,Rua Osni Ramos da Silva
88135-029,Rua Silvonei Estacino Patrício
88135-028,Rua Osvaldo Souza
88135-027,Rua Santinho Marcelino da Silva
88135-026,Servidão Nailda Maria de Oliveira
88135-025,Rua Geraldo Henrique Nienkoetter
88135-024,Rua Hermes Ângelo Martins
88135-023,Rua Estacino Manoel Patrício
88135-022,Rua Olindina Julia Patrício
88135-021,Rua Marlene Espíndola Soares
88135-020,Rua Caetano de Medeiros
88135-015,Rua Iracema Schaimann Weingartner
88135-100,Avenida Bom Jesus de Nazaré
88135-101,Avenida Bom Jesus de Nazaré
88135-016,Rodovia BR-101
88135-108,Rua Lages
88135-400,Avenida São Cristóvão
88135-016,Rodovia BR-101
88134-705,Rua Álvaro Antônio Lamim
88134-730,Rua Augustinha Claudina da Silva
88134-700,Rua Aurélia Maria Maia
88134-734,Rua Barcelona
88134-703,Rua Beatriz Lúcia Alexandre
88134-760,Rua Fábio Sumar
88134-758,Rua Francisco Melo
88134-785,Rua Genoveva Generosa de Jesus
88134-765,Rua Jordina Amélia da Silva
88134-764,Rua José da Silva Filho
88134-766,Rua José Serafim Espíndola
88134-762,Rua Júlio Ernesto de Melo
88134-738,Rua Lisboa
88134-782,Rua Maria Amélia Espíndola
88134-763,Rua Maurino Leovegildo Espindola
88134-750,Rua Orlando Correia Bruchado
88134-770,Rua Raul Antônio da Silva
88134-780,Rua Roberto Wagner
88134-784,Rua Salvino João Effting
88134-740,Rua Santiago de Compostela
88134-742,Rua Sevilha
88134-720,Rua Teodoro João de Souza
88134-775,Rua Valdemiro João de Espíndola
88134-736,Rua Vigo
88134-777,Servidão Alvaro João Salazar
88134-781,Servidão Catarina Claudina Espindola
88134-768,Servidão Corina da Silva de Melo
88134-783,Servidão Francisco José da Silveira
88134-759,Servidão João Severino Machado
88134-772,Servidão Roberto Lucas Nascimento
88134-769,Servidão Vanilde Maria Maccarini de Amorim
88134-001,Rodovia BR-101
88134-001,Rodovia BR-101
88139-320,Avenida do Papagaio
88139-315,Rodovia Evádio Paulo Broering
88139-318,Rua 100
88139-347,Rua 1000
88139-348,Rua 1100
88139-349,Rua 1200
88139-350,Rua 1300
88139-327,Rua 200
88139-328,Rua 300
88139-330,Rua 400
88139-331,Rua 500
88139-334,Rua 600
88139-338,Rua 700
88139-342,Rua 800
88139-345,Rua 801
88139-344,Rua 802
88139-343,Rua 803
88139-346,Rua 900
88139-319,Rua Maria Madalena da Silva
88139-324,Servidão 101
88139-325,Servidão 102
88139-323,Servidão 103
88139-321,Servidão 104
88139-332,Servidão 601
88139-333,Servidão 602
88139-335,Servidão 603
88139-337,Servidão 701
88139-336,Servidão 702
88139-339,Servidão 703
88139-340,Servidão 704
88139-322,Travessa 10
88139-326,Travessa 11
88139-329,Travessa 30
88139-341,Travessa 70
88134-050,Loteamento Miriam
88134-270,Rua A
88134-417,Rua Acácio Genésio Martins
88134-468,Rua Acendino Pedro da Silva
88134-501,Rua Adecina Silvano Martins
88134-483,Rua Agenor Eugênio da Silva Filho
88134-530,Rua Alba Aparecida Cardoso Luiz
88134-400,Rua Alcino dos Navegantes Moreira
88134-328,Rua Alcino José de Souza
88134-100,Rua Alcino Navegantes Moreira
88134-130,Rua Alfredo João dos Santos
88134-327,Rua Álvaro C. Moreira
88134-420,Rua Américo Vespúcio
88134-515,Rua Amilton Rubens Schmidt
88134-436,Rua André Vidal de Negreiros
88134-170,Rua Angelino Francisco da Silva
88134-335,Rua Antenor Antônio Teixeira
88134-336,Rua Antonio Almeida da Silva
88134-185,Rua Ari Alves da Cruz
88134-364,Rua Armando Ernesto Alves
88134-513,Rua Artur Joaquim da Luz
88134-490,Rua Atílio Francisco Martins
88134-562,Rua Aurino José Machado
88135-084,Rua Aurino Paulino Wagner
88134-516,Rua Aurora Julia Martins
88134-325,Rua Benonivio João Martins
88134-406,Rua Bernardina Custódia de Andrade
88134-560,Rua Bom Jesus das Areias
88134-250,Rua Bom Retiro
88134-205,Rua Brusque
88134-220,Rua Camboriú
88134-245,Rua Campos Novos
88134-235,Rua Canoinhas
88134-444,Rua Capistrano de Abreu
88134-409,Rua Carlos Steinmetz
88134-507,Rua Cecília Maria da Silva
88134-272,Rua B
88134-296,Rua B
88134-446,Rua Cristóvão Jacques
88134-504,Rua da Paixão
88134-132,Rua das Tulipas
88134-509,Rua das Tulipas
88134-565,Rua Davi João Machado
88134-434,Rua Diogo de Botelho
88134-437,Rua do Chia
88134-257,Rua do Pintassilgo
88134-432,Rua Dom João II
88134-430,Rua Dom Manuel I
88134-298,Rua Doralice Espíndola
88134-423,Rua dos Amigos
88134-441,Rua Duque de Bragança
88134-418,Rua Edelberto Egídio Moreira
88134-166,Rua Eduvirge Wiethorn
88134-320,Rua Egídio Moreira
88134-172,Rua Eleandro Alflen
88134-161,Rua Eleazar
88134-165,Rua Emanuel
88134-511,Rua Emanuel Francisco Darella
88134-398,Rua Enoemia Francisca Alexandre
88134-413,Rua Eurico Albino da Silva
88134-168,Rua Ezequias
88134-222,Rua Florata
88134-439,Rua Francisco Crescêncio da Silva
88134-630,Rua Francisco João Lucas
88134-395,Rua Frei Ângelo Funger
88134-410,Rua Frei Henrique de Coimbra
88134-277,Rua G
88134-240,Rua Gaspar
88134-425,Rua Gaspar de Souza
88134-670,Rua Genésio Francisco Martins
88134-377,Rua Gentil Bosa
88134-685,Rua Georcino Cesário Vieira
88134-512,Rua Gerardus Post
88134-329,Rua Gregório João Espíndola
88134-405,Rua Heitor Torquato de Bona
88134-466,Rua Hermínia Bialeski Alves
88134-426,Rua Inêz Wanderlind
88134-390,Rua Inocêncio Chaves de Souza
88134-461,Rua Iracy de Almeida
88134-378,Rua João Américo da Silva
88134-407,Rua João Carlos Espíndola
88134-463,Rua João Crescencio da Silva
88134-415,Rua João de Lencastre
88134-533,Rua João Farias
88134-650,Rua João Honorato de Espíndola
88134-572,Rua João Joaquim Martins
88134-492,Rua João Jorge da Silva
88134-295,Rua João Manoel Pereira
88134-567,Rua João Marcelino
88134-416,Rua João Valério de Souza
88134-482,Rua João Vidal Garcia
88134-200,Rua Jorgino Damásio Espíndola
88134-502,Rua José Arair Mendes
88134-438,Rua José Jauri de Moraes
88134-180,Rua José João Silvino
88134-300,Rua José Luiz Martins
88134-506,Rua José Olímpio
88134-352,Rua José Rogerio Ventura
88134-500,Rua José Valério de Souza
88134-433,Rua Lauro João da Silva
88134-360,Rua Leodoro José Martins
88134-485,Rua Luciano Manoel de Souza
88134-503,Rua Luiz Henrique
88134-330,Rua Lupércio Domingos Espíndola
88134-169,Rua Malaquias
88134-162,Rua Manasses
88134-495,Rua Manoel Antônio de Souza
88134-510,Rua Manoel Apolinário da Silva
88134-635,Rua Manoel João Rodrigues
88134-597,Rua Manoel Macário da Silva
88134-370,Rua Manoel Pereira de Matos Júnior
88134-427,Rua Marcos Roberto de Souza
88134-183,Rua Maria da Silva
88134-144,Rua Maria do Carmo Vieira
88134-465,Rua Maria Luzia da Silva
88134-525,Rua Marino Francisco Martins
88134-431,Rua Marino Manoel Espíndola
88134-442,Rua Maurício de Nassau
88134-480,Rua Menino Deus
88134-680,Rua Merência Caetana de Jesus
88134-215,Rua Morretes
88134-470,Rua Natália de Espíndola
88134-514,Rua Natalina Martins da Luz
88134-139,Rua Nelson Floriano Campos
88134-290,Rua Nicolau Severiano de Farias
88134-600,Rua Nossa Senhora dos Navegantes
88134-440,Rua Nove de Julho
88134-350,Rua Olavo João Espíndola
88134-167,Rua Ortência Maria Machado
88134-401,Rua Osvaldo Espíndola
88134-620,Rua Otaviano João de Souza
88134-380,Rua Otávio Garcia
88134-594,Rua Paulo Bertolino Coelho
88134-040,Rua Paulo José Ávila
88134-403,Rua Paulo Machado
88134-326,Rua Pedro Antônio Abreu
88134-508,Rua Pedro Manoel da Silva
88134-210,Rua Porto União
88134-375,Rua Presidente Garrastazu Médici
88134-660,Rua Raul José Martins
88134-164,Rua Raul Pereira Motta
88134-187,Rua São Bento
88134-323,Rua Sebastião Deoclécio Bruchado
88134-376,Rua Serafim Eulino de Espíndola
88134-610,Rua Simão da Silveira
88134-225,Rua Tijucas
88134-460,Rua Tomé de Souza
88134-255,Rua Urubici
88134-570,Rua Venâncio Juvenal Vieira
88134-520,Rua Verônica Maria da Luz
88134-230,Rua Videira
88134-274,Rua Vila Nova
88134-345,Rua Zélio Campolino da Silva
88134-412,Rua Zilma Martins
88134-472,Servidão Aldo Genésio Martins
88134-474,Servidão Antônio Sanceveriano
88134-299,Servidão Araçá
88134-524,Servidão Argemiro dos Santos
88134-505,Servidão Caçador
88134-421,Servidão Capitão Moroni
88134-408,Servidão Catita
88134-462,Servidão das Pitangas
88134-571,Servidão Elza Becker Martendal
88134-661,Servidão Francisco Antônio da Silva
88134-665,Servidão Francisco Espíndula
88134-566,Servidão Hilda Ana Pinheiro
88134-476,Servidão José Jorge da Silva
88134-569,Servidão José Vieira Gonzaga
88134-346,Servidão Madre Paulina
88134-402,Servidão Miliano
88134-640,Servidão Nelson Ernesto Alves
88134-645,Servidão Nilda Maria Martins
88134-568,Servidão Olindina Cezerino
88134-471,Servidão Otacílio João da Silva
88134-404,Servidão Rita Jordão
88134-564,Servidão Tarcízio Antunes Pessoa
88134-340,Servidão Tibério
88134-454,Servidão Valgas
88134-276,Rua E
88134-138,Rua das Macieiras
88134-137,Rua dos Copos-de-Leite
88134-136,Rua Lilás
88134-135,Rua Manoel Donato Garcia
88134-134,Rua Camélia
88134-133,Rua das Magnólias
88134-131,Rua Antônio Firmino Pereira
88134-129,Rua das Acácias
88134-128,Rua das Alegrias
88134-127,Rua Gardênia
88134-126,Rua Cirilo Severiano da Silva
88134-125,Rua Azálea
88134-124,Rua dos Limoeiros
88134-123,Rua José Joaquim Alves
88134-122,Rua Olávio de Biase
88134-121,Rua Osvaldo Lamim
88134-120,Rua Vereadora Olívia Emília Guedert Brum
88134-119,Rua Graciliano Figueiredo
88134-118,Rua das Angélicas
88134-117,Rua das Margaridas
88134-116,Rua das Goiabeiras
88134-115,Rua dos Eucaliptos
88134-114,Rua Bráulio Felipe
88134-111,Rua Jasmim
88134-110,Rua dos Girassóis
88134-109,Rua das Gérberas
88134-108,Rua dos Pinheiros
88134-107,Rua Flor-de-Lis
88134-105,Rua das Alfazemas
88132-602,Rodovia BR-101
88132-784,Rua Paysage Sul
88132-785,Rua Paysage Sul
88132-705,Avenida Mário José Mateus
88132-599,Avenida Paulo Roberto Vidal
88132-718,Avenida Santo Agostinho
88132-717,Avenida São Lucas
88132-716,Avenida Thiago Antunes Teixeira
88132-704,Avenida Valfride Vieira Martins
88132-655,Rua Adelino Martins
88132-806,Rua Adelsio Cavalheiro
88132-843,Rua Ademar Estanislau Ângelo
88132-741,Rua Aladin Kule
88132-829,Rua Alaidia Schmitt Müller
88132-842,Rua Alcino Lemos
88132-799,Rua Álvaro de Carvalho
88132-650,Rua Alvin Sebastião da Silva
88132-645,Rua Ana de Souza Rosa
88132-796,Rua Anhanguá
88132-794,Rua Antônio da Silva Gomes
88132-846,Rua Antonio João de Amorim
88132-634,Rua Antonio Paulo dos Santos
88132-742,Rua Apolônio Barbosa Rodrigues
88132-734,Rua Aquilino Della Bruna
88132-786,Rua Araçatuba
88132-744,Rua Arcelino Luiz de Farias
88132-736,Rua Aureliano Francisco de Medeiros
88132-774,Rua Baldomiro Koerich
88132-823,Rua Beatriz da Silva
88132-887,Rua Beatriz Segall
88132-807,Rua Beatriz Sumar Amorim
88132-832,Rua Bermiro Manoel Filho
88132-745,Rua Blumenau
88132-783,Rua Brandina Tozon Zambon
88132-800,Rua C
88132-890,Rua Caio Junqueira
88132-809,Rua Cândido Costa
88132-793,Rua Carijó
88132-839,Rua Carlos Humberto Pierri
88132-743,Rua Chapecó
88132-808,Rua Cláudio Silveira
88132-798,Rua Colombo Salles
88132-841,Rua Cosme Pamplona
88132-810,Rua D
88132-811,Rua das Perolas
88132-792,Rua do Desterro
88132-886,Rua Dona Ivone Lara
88132-738,Rua Doutor Pedrinho
88132-720,Rua Duílio José Pizani
88132-820,Rua E
88132-848,Rua Edgar Scheidt
88132-803,Rua Élio Schmitt
88132-632,Rua Elizabeth Petry
88132-885,Rua Eloísa Mafalda
88132-838,Rua Elza Patrício Duarte
88132-737,Rua Ema Ana Santos
88132-840,Rua F
88132-821,Rua Felipe Andrade
88132-788,Rua Ferdinand Demetz
88132-631,Rua Francisco Matias Kremer
88132-830,Rua G
88132-801,Rua Gamboa
88132-777,Rua Geremias
88132-833,Rua Gerson da Rosa
88132-772,Rua Gervásio Timoteo Farias
88132-779,Rua Guarani
88132-831,Rua Guilhermina Paulina Pinheiro Amorim
88132-730,Rua Hermutte Bernardo Bruch
88132-776,Rua Herondi Maran
88132-795,Rua Ignácio José Galvão
88132-815,Rua Irene Medeiros da Silva
88132-754,Rua Ireno José Coelho
88132-781,Rua Itacorubi
88132-771,Rua Ivoni Jacinta da Silva
88132-690,Rua Jacinto Ferreira Macedo
88132-782,Rua Jacob Maran
88132-878,Rua Jailton Alexandre Alves
88132-746,Rua Jardim das Oliveiras
88132-813,Rua João Carlos da Rosa
88132-722,Rua João Flores
88132-769,Rua João Francisco Barcelos Júnior
88132-723,Rua João Martins Filho
88135-540,Rua João Miguel da Silva Filho
88132-822,Rua José Andrade
88135-542,Rua José Carlos de Mattos
88132-740,Rua José Clemente de Macedo
88132-700,Rua José Cosmo Pamplona
88132-893,Rua José Ilario Ribeiro de Freitas
88132-770,Rua José João Barcelos
88132-640,Rua José João Garcia
88132-635,Rua José Leopoldo Junckes
88135-539,Rua José Macário Cardoso
88132-600,Rua José Onofre Pereira
88132-847,Rua Judith da Silveira Filho
88132-802,Rua Las Palmas
88132-615,Rua Leoni Pamplona
88132-751,Rua Lindóia
88132-825,Rua Luiz Carlos Damasco
88132-884,Rua Luiz Gasparetto
88135-543,Rua Madalena Silva Deucher
88132-789,Rua Major Lara Ribas
88132-752,Rua Manoel Candido da Silva
88135-535,Rua Manoel Cândido Vicente
88132-849,Rua Manoel da Silva Tinoco Neto
88132-710,Rua Manoel Joaquim de Souza
88132-641,Rua Marcelo Espíndola da Silva
88132-791,Rua Marechal Moura
88132-873,Rua Maria Britz Ferreira
88132-834,Rua Maria Francisca da Silva
88135-545,Rua Maria Ribeiro da Silva
88132-762,Rua Mariano Silva
88132-816,Rua Miguel Sumar Amorim
88132-844,Rua Milta Freitas Lemos
88132-827,Rua Natália Dantas
88132-826,Rua Natanael Rodrigues
88132-814,Rua Nathan Sumar Amorim
88132-702,Rua Neli Schaidt Schutz
88132-703,Rua Nelson Schutz
88132-835,Rua Orlando João da Rosa
88132-759,Rua Orlando Niekoetter
88132-876,Rua Otília Maria Sumar
88132-739,Rua Pai Nosso
88132-804,Rua Palmas
88132-797,Rua Raimundo Duarte
88132-633,Rua Renato Manfredini Júnior
88132-889,Rua Ricardo Boechat
88132-735,Rua Rodeio
88132-875,Rua Rodrigo Duarte
88132-695,Rua Rosa Emília Martins
88132-845,Rua Rubens de Andrade
88132-733,Rua Santa Luzia
88132-712,Rua Santa Marta
88132-713,Rua São Bonifácio
88132-787,Rua São Caetano
88132-715,Rua São Matheus
88132-881,Rua Saudeli Duarte
88132-892,Rua Sebastião Ribeiro de Freitas
88132-778,Rua Tauá
88132-747,Rua Tubarão
88132-756,Rua União
88132-870,Rua Valcioni Duarte
88132-824,Rua Valmor Francisco
88132-753,Rua Valmor João da Silva
88132-879,Rua Vereador Clóvis Calckmann
88132-871,Rua Vereador José Francisco Leonel
88132-775,Rua Vilson José Coelho
88132-709,Rua Virgílio Elias Justo
88132-805,Rua Wilmar Jahn
88132-610,Rua Zulmira Pamplona Gomes
88132-764,Servidão 122
88132-728,Servidão Ademir Gomes
88132-760,Servidão Airton da Silva
88132-604,Servidão Dona Alvina
88132-773,Servidão Edmilson Weingartner de Farias
88132-732,Servidão Emília Küster da Silva
88132-750,Servidão Ernestina J. Rodrigues
88132-638,Servidão Flávia Constante
88132-765,Servidão Hermundino Aniceto de Oliveira
88132-766,Servidão João Augusto da Silva
88132-731,Servidão João Hoog
88135-541,Servidão José Tcholakan
88132-757,Servidão Juvêncio Pires
88132-763,Servidão Miguel João Jacinto
88132-749,Servidão Pedro Estevão Felisbino
88132-758,Servidão Pedro João Alves
88132-767,Servidão Rodolfo João Loch
88132-768,Servidão Sebastião Alves
88132-748,Servidão Valmor João da Silva
88132-868,Rua Adelaide Rodrigues Carneiro
88132-862,Rua Luci Vilani
88132-861,Rua João Batista das Costa
88132-860,Rua Gleci Dias Carneiro
88132-858,Rua Lídio Dorval da Silva
88132-857,Rua Miguel Batista da Silva
88132-856,Rua Maria Basílio
88132-855,Rua Antônio Basílio
88132-854,Rua Theófilo Leonardo Schimitt
88132-853,Rua Zúri Roberto da Silva
88132-852,Rua Maria Custodio da Silva
88132-850,Rua Amântino Francisco da Silva
88132-755,Rua Vidal
88132-630,Rua Valmira Maria de Farias
88132-629,Rua José Celito de Sousa
88132-628,Rua Juliana Daufemback Henrique
88132-627,Rua Professora Terezinha de Jesus
88132-623,Rua Abílio Derner de Sousa
88132-622,Rua Enéias de Sousa
88132-620,Rua Otolívio Antônio Henrique
88132-602,Rodovia BR-101
88133-677,Avenida das Palmeiras
88133-675,Rua Afonso Pena
88133-620,Rua Alfredo Erckmann
88133-410,Rua Célio Webber
88133-518,Rua Clovis Paulino Kalmann
88133-730,Rua Crisântemo
88133-770,Rua Crossandra
88133-660,Rua Delfim Ribeiro
88133-645,Rua Epitácio Pessoa
88133-720,Rua Estinel Dalva
88133-610,Rua Eurico Gaspar Dutra
88133-680,Rua Francisco Rodrigues Alves
88133-325,Rua Glauber Rocha
88133-512,Rua Henrique do Rego Almeida
88133-630,Rua João Café Filho
88133-665,Rua José Linhares
88133-685,Rua Lima Barreto
88133-750,Rua Lobélia
88133-690,Rua Manoel Vitorino Pereira
88133-670,Rua Nilo Peçanha
88133-655,Rua Oscar Amândio
88133-600,Rua Pascoal Mazzilli
88133-514,Rua Raymundo Ramos da Costa Almeida
88133-652,Rua Ricardo Schlemper
88133-516,Rua Romalino João da Rosa
88133-515,Rua Roney Henrique Heiderscheidt
88133-640,Rua Sandra Gomes
88133-650,Rua Treze de Maio
88133-517,Rua Victorino Lorenzetti
88133-513,Rua Volnei Ilmo do Nascimento
88132-302,Rodovia BR-101
88132-564,Avenida 23 de Março
88136-300,Avenida das Tipuanas
88132-596,Avenida Pedro da Rosa
88132-562,Avenida Pereira da Rosa
88132-591,Rua 104
88132-375,Rua 25 de Novembro
88132-592,Rua Albino Dias
88132-332,Rua Antônio Jordão Petry
88132-335,Rua Bernardino Saturnino da Silva
88132-315,Rua Casemiro de Abreu
88132-350,Rua Cinco de Abril
88132-597,Rua da Creche
88136-301,Rua das Acácias Mimosas
88136-302,Rua das Acerolas
88132-370,Rua Dezesseis de Julho
88132-305,Rua Dom Afonso
88132-555,Rua dos Apóstolos
88132-530,Rua dos Arcanjos
88132-535,Rua Doutor Paulo Viana da Silva
88132-325,Rua Doze de Outubro
88132-568,Rua Engídia Dovina Martins
88132-416,Rua Esperança
88132-180,Rua Esplanada
88132-517,Rua Expobam
88132-345,Rua Francisca Inácia Gonçalves
88132-410,Rua Frei Caneca
88132-400,Rua Germano Spricigo
88132-440,Rua Guilherme de Almeida
88132-401,Rua Itanoir Abelardo de Freitas
88132-500,Rua João Duarte Raimundo
88132-780,Rua João Roberto Cordeiro Matoso
88132-310,Rua Joaquim Caetano da Silva
88132-537,Rua Jorge Fernandes Camargo
88132-450,Rua José de Anchieta
88132-346,Rua José Rosa de Freitas
88132-337,Rua José Soares Filho
88132-509,Rua Lauro Timóteo Fernandes
88132-567,Rua Leila Diniz
88132-580,Rua Lídio Luiz da Silva
88132-333,Rua Lúcio Frederico Folster
88132-523,Rua Ludovico Tavares
88132-390,Rua Manoel Alves de Oliveira
88132-320,Rua Manuel Bandeira
88132-565,Rua Manuel Carlos Daussen
88132-570,Rua Manuel Rosa Freitas
88132-525,Rua Maria Ana Martins
88132-513,Rua Maria de Fátima Machado
88132-538,Rua Maria de Souza Abreu
88132-183,Rua Maria José Ramos
88132-301,Rua Maria Otilia da Rosa
88132-560,Rua Marina Emília dos Santos
88132-330,Rua Medeiros de Albuquerque
88132-435,Rua Menino Jesus
88132-590,Rua Nelson Paulo Beck
88132-340,Rua Nicolina Maria Farias
88132-418,Rua Norte
88132-495,Rua Orivaldo Pedro Pereira
88132-539,Rua Osmar Salomé Vieira
88132-300,Rua Padre João Batista Réus
88132-540,Rua Padre Milani
88132-331,Rua Paulo Schlosser
88132-585,Rua Pedro Alcântara Garcia
88132-503,Rua Pedro Paulo Martins
88132-420,Rua Pero Vaz de Caminha
88132-430,Rua Roberto Valdir Mangrich
88132-527,Rua Rosenilda Serafim da Silva
88132-598,Rua Salézio Beltrame
88132-550,Rua Santos Girardi
88132-520,Rua São Gabriel
88132-505,Rua São Jorge
88132-552,Rua São Silvestre
88132-595,Rua Sargento Armando Martins
88132-790,Rua Sebastião Barbosa dos Santos
88132-373,Rua Thomé Israel da Silva
88132-380,Rua Trinta e Um de Julho
88132-566,Rua Valtair de Oliveira Hoefling
88132-360,Rua Vinte e Dois de Agosto
88132-365,Servidão José João Coelho
88132-385,Servidão Santino da Silva
88132-542,Servidão Sucupira
88132-348,Servidão Treze de Setembro
88132-382,Rua Tomáz Domingos da Silveira
88132-302,Rodovia BR-101
88130-100,Avenida Barão do Rio Branco
88130-101,Avenida Barão do Rio Branco
88130-050,Rodovia BR-101
88131-390,Rodovia BR-101
88132-707,Rua B
88131-110,Avenida Manoel Cantalicio Vidal
88131-300,Avenida Prefeito Nelson Martins
88130-015,Praça Quinze de Novembro
88130-200,Praça Sete de Setembro
88131-603,Rua 24 de julho
88132-706,Rua A
88131-540,Rua Acioli Nunes dos Santos
88131-195,Rua Alcides da Rosa
88131-270,Rua Alice Constância Faria
88131-190,Rua Álvaro Francisco Martins
88130-280,Rua Amaro Ferreira de Macedo
88131-430,Rua Apolônia Weingartner
88131-468,Rua Arthur Schutz
88132-707,Rua B
88130-060,Rua Bernardino Jacob May
88131-020,Rua Bernardo Scheidt
88131-350,Rua Bezerra de Menezes
88132-708,Rua C
88130-005,Rua Caetano Silveira de Matos
88131-050,Rua Capitão Augusto Vidal
88130-065,Rua Capitão Pedro Egydio Hoffmann
88131-440,Rua Carlos Weingartner
88130-220,Rua Coronel Bernardino Machado
88131-420,Rua Daniel Carlos Weingartner
88131-310,Rua Dário Nicodemos de Oliveira
88132-711,Rua E
88131-340,Rua Edeling Schutz
88131-415,Rua Edna Floriano Andrade
88130-290,Rua Emeline Matildes Crisemann Scheidt
88131-040,Rua Ervino Scheidt
88131-530,Rua Esmeralda
88130-170,Rua Evaldo Carlos Baash
88130-255,Rua Evaldo Probst
88130-230,Rua Frei Nazário Knabben
88130-045,Rua Germano Berkembroch
88131-345,Rua Gervásio Marciano de Souza
88131-480,Rua Gilmar Schmidt
88130-055,Rua Governador José Boabaid
88131-320,Rua Graciliano Carlos de Quadros
88130-295,Rua Herbert Westphal
88130-250,Rua Irmo Scheidt
88131-450,Rua Iva Weingartner
88130-240,Rua Jacob Scheidt Júnior
88131-400,Rua Jacob Weingartner
88131-080,Rua João Carlos Harger
88130-030,Rua João Olavo de Souza
88130-110,Rua João Pedro Martins
88130-180,Rua José Afonso Harger
88130-190,Rua José Alfredo de Brum
88131-230,Rua José Carlos Martins
88130-080,Rua José Ferreira de Souza
88130-025,Rua José Higino Martins
88131-260,Rua José Israel dos Santos
88130-275,Rua José Joaquim Pamplona
88130-270,Rua José Lupércio Lopes
88131-000,Rua José Maria da Luz
88131-090,Rua Jovino Correia da Silva
88131-095,Rua Júlia Mônica da Silveira
88131-370,Rua Laudir José Junckes
88130-840,Rua Laura Martins Cardoso
88131-348,Rua Leopoldo Gonçalves
88131-380,Rua Manoel de Souza
88131-360,Rua Marciano Bonifácio de Souza
88131-520,Rua Marfim
88131-145,Rua Maria Regina Pin Poletti
88130-130,Rua Mário Neves de Oliveira
88131-470,Rua Milton Luiz da Silva
88131-180,Rua Olíbio Silveira
88131-220,Rua Olímpio Santana Martins
88131-210,Rua Orlando Tancredo
88131-170,Rua Papa João Paulo I
88130-210,Rua Pedro Paulo Philippi
88130-070,Rua Prefeito Ari Wagner
88131-500,Rua Prefeito Otávio Zacchi
88131-160,Rua Presidente Juscelino Kubitschek de Oliveira
88131-140,Rua Primeiro de Maio
88131-280,Rua Professor Antônio Manoel Martins
88131-330,Rua Professor Antônio Vítor de Souza
88130-075,Rua Professora Evanda Sueli Jutel Machado
88131-250,Rua Professora Maria Alice Matiola
88131-460,Rua Raulina Angélica Weingartner
88131-070,Rua Raulino Steinmetz
88131-410,Rua Roberto Sell
88131-060,Rua Rodolfo Scheidt
88130-020,Rua Rokuro Assahina
88131-570,Rua Rubi
88131-346,Rua Rudi de Freitas
88130-040,Rua Tenente Francisco Lehmkhul
88131-290,Rua Tolentino José Rosar
88131-215,Rua Valter Frederico Broering
88131-510,Rua Vereador João Schlichting
88131-200,Rua Vereador Osvaldo de Oliveira
88131-465,Rua Verônica Beppler Schutz
88130-010,Rua Vilma Ramos de Souza
88130-260,Rua Vilma Weiss
88131-100,Rua Vinte e Cinco de Dezembro
88131-030,Rua Vinte e Quatro de Abril
88131-150,Rua Vinte e Um de Abril
88131-192,Rua Wilmar Probst
88131-043,Servidão Adilio Dorvalino Pereira
88131-365,Servidão Albino Franca Martins
88130-120,Servidão Alfonço Boeng
88130-090,Servidão Augusto Haeming
88131-010,Servidão Belarmino Antônio da Silva
88131-602,Servidão Demétrio
88131-183,Servidão Enich Truppel
88131-240,Servidão Filomena de Souza Rosar
88131-184,Servidão Jaci Manoel Sotero
88130-150,Servidão João Dário de Souza
88131-213,Servidão Lealcina Abreu de Souza
88130-095,Servidão Pedro Campolino Vidal
88130-085,Servidão Pedro Cantalício Vidal
88130-043,Servidão Rainildes Fhilippi Berkenbrock
88130-160,Servidão Theodoro Haeming
88130-017,Servidão Valmira de Oliveira de Souza
88138-788,Rodovia BR-101
88138-839,Rua E
88138-792,Estrada Morro dos Gaúchos
88138-842,Praça Inácio Paulo Dalri
88138-788,Rodovia BR-101
88138-841,Rua Ana de Lima Martins Rosa
88138-832,Rua Bertoldo Manoel Rodrigues
88138-822,Rua Canto Norte
88138-850,Rua da Praia
88138-849,Rua do Túnel
88138-769,Rua Domingos Vicente da Costa
88138-823,Rua Érica Olsen da Veiga
88138-777,Rua Fábio Francisco da Silva
88138-825,Rua Heládio Olsen da Veiga
88138-837,Rua Hermógenes de Souza Reis
88138-780,Rua Isabel dos Anjos Cândido
88138-805,Rua Ivo Antônio da Silva
88138-790,Rua Ivo Marques da Silveira
88138-806,Rua João Modesto dos Santos
88138-765,Rua Joaquim Lopes da Silva
88138-802,Rua José Candido da Silveira
88138-820,Rua José Cardoso da Veiga
88138-853,Rua Lapa
88138-833,Rua Lídia Francisca Rodrigues
88138-778,Rua Lidia Modesto dos Santos
88138-834,Rua Lídia Soares Pereira
88138-767,Rua Manoel Antônio Cândido
88138-835,Rua Manoel Antônio Lima
88138-815,Rua Manoel Antônio Pereira
88138-786,Rua Manoel Belem Cascaes
88138-774,Rua Manoel Candido Teixeira
88138-775,Rua Manoel Domingos da Silveira
88138-787,Rua Manoel José Quintel
88138-785,Rua Manoel Justino Alves
88138-846,Rua Márcia Baumer
88138-770,Rua Modesto Manoel dos Santos
88138-773,Rua Nelsa Lidia Martino
88138-800,Rua Nossa Senhora do Rosário
88138-852,Rua Paraíso
88138-784,Rua Pedras
88138-771,Rua Rafael Gaspar
88138-840,Rua Rui Hermundino da Silveira
88138-836,Rua Salomão Brígido de Farias
88138-831,Rua Valdenedo Aguiar Duarte
88138-830,Rua Valderino Durval Duarte
88138-838,Rua Vereador Ermundino Silveira
88138-807,Rua Verônica da Silva Martins
88138-772,Servidão Basilicia Candido da Silva
88138-856,Servidão Basilissa Candida da Silva
88138-848,Servidão Carioca
88138-795,Servidão Estrela do Mar
88138-845,Servidão Hayrton Nascimento de Souza
88138-768,Servidão José Francisco da Silva
88138-808,Servidão Lidia Martins dos Santos
88138-789,Servidão Manoel Moyses do Espírito Santo
88138-855,Servidão Mariano José de Fraga Junior
88138-804,Servidão Teixeira
88138-847,Servidão Texeirinha
88138-851,Travessa Aristoteles
88135-365,Rodovia João Carlos Ferreira
88135-349,Rua Alvaro João Ferreira
88135-313,Rua Antônio Luiz Pereira
88135-342,Rua Areias
88135-311,Rua Ari Antonio Pereira
88135-346,Rua Augusta de Campos
88135-332,Rua Bernardino Domingos de Medeiros
88135-391,Rua Braz Marcelino de Souza
88135-336,Rua Cambirela
88135-353,Rua Cândido Izidoro da Silva
88135-312,Rua Carlos João Soares
88135-348,Rua Carmosina Medeiros da Silveira
88135-322,Rua Dourados
88135-325,Rua Elias Julio da Silva
88135-822,Rua Francisco José da Silva
88135-392,Rua Hipolito da Silva
88135-314,Rua Ivo Hildebrando Cardoso
88135-840,Rua Jacinto Manoel Salazar
88135-398,Rua Jacob Villain Filho
88135-830,Rua João José de Quadros
88135-300,Rua Jorge Marcelino Coelho
88135-354,Rua José Bernardo Hensing
88135-390,Rua José Francisco da Silveira
88135-820,Rua José Henrique de Matos
88135-394,Rua José Miguel Ferreira
88135-377,Rua José Vitorino José
88135-350,Rua Lino Campos
88135-835,Rua Lino Guarin Martins
88135-838,Rua Lucas Carlos de Souza
88135-352,Rua Luiza Amaro da Silva
88135-327,Rua Maria de Lourdes
88135-393,Rua Maria Norma Horstmann Ferreira
88135-329,Rua Marta Eger
88135-831,Rua Morro dos Quadros
88135-370,Rua Nelson Dantas
88135-360,Rua Nereu Ghizoni
88135-357,Rua Nereu Ramos
88135-320,Rua Nossa Senhora da Rosa Mística
88135-356,Rua Orlando Alvaro Ferreira
88135-319,Rua Paulo Henrique Matos
88135-341,Rua Rafael Francisco da Silveira
88135-328,Rua Rafael Manoel da Silva
88135-362,Rua Raul João dos Santos
88135-361,Rua Regina Tomásia Alves
88135-333,Rua Santa Bárbara
88135-832,Rua Santa Luiza
88135-330,Rua Santo Anjo da Guarda
88135-335,Rua Tancredo Neves
88135-310,Rua Thiago Stahelin Pereira
88135-378,Rua Valdir Manoel Floriano
88135-309,Rua Valdir Zanon
88135-338,Rua Valmir Hermelino Machado
88135-396,Rua Virgilio Izidoro Pedro
88135-343,Servidão 970
88135-344,Servidão 974
88135-389,Servidão Ademar Rodrigues
88135-825,Servidão Amândio Gustavo de Souza
88135-316,Servidão Antônio Carlos Pereira
88135-845,Servidão Areias da Guarda
88135-306,Servidão Bernardino Domingos Medeiros
88135-323,Servidão Bittencourt
88135-363,Servidão das Araras Azuis
88135-408,Servidão Dona Adelaide
88135-305,Servidão Ernestina Maria da Rosa
88135-351,Servidão Ferreira
88135-395,Servidão Flor Caitana de Souza
88135-315,Servidão Francisco João de Medeiros
88135-366,Servidão Geison Niehues Fraga
88135-339,Servidão Gercino José da Silva
88135-337,Servidão Gomes
88135-355,Servidão João Vieira
88135-827,Servidão João Virgílio da Silva
88135-834,Servidão José Germano Schlichting
88135-387,Servidão José João Cristiano
88135-829,Servidão Kammer
88135-388,Servidão Laura Elisa da Silva
88135-399,Servidão Laurita Broering
88135-308,Servidão Maria José de Medeiros
88135-321,Servidão Medeiros
88135-345,Servidão Moreira
88135-373,Servidão Pedrolina Martins Matos
88135-376,Servidão Salésio Scheidt
88135-324,Servidão Taquaras
88135-397,Servidão Valdeci Genésio Broering
88135-367,Servidão Vendelina Guizone Salvador
88135-359,Servidão Weber
88135-358,Travessa José Francisco da Silveira
88135-386,Travessa Serafim Oliveira
88139-466,Rua Braulino Placido Santos
88139-480,Rua Caetano Pedro Silveira
88139-478,Rua Candida Maria dos Santos
88139-474,Rua Cubatá
88139-453,Rua da Praia
88139-488,Rua das Bromélias
88139-482,Rua Emerenciana
88139-462,Rua Francisco Braulino dos Santos
88139-484,Rua Gercino Idalício Luiza
88139-470,Rua Hercilio Nicolau dos Santos
88139-464,Rua Inês Maria de Jesus
88139-460,Rua João Nicolau dos Santos
88139-468,Rua José Manoel Leal
88139-469,Rua José Placido Martins
88139-481,Rua Manoel Alfredo dos Santos
88139-479,Rua Maria Martins dos Santos
88139-476,Rua Sabino da Silva
88139-456,Servidão Costa Azul
88139-486,Servidão Pintado
88133-550,Rodovia BR-101
88133-531,Avenida Ary Miguel da Silveira
88133-520,Avenida Caetano Silveira
88133-511,Avenida César Augusto Olsen
88133-500,Avenida Gentil Reinaldo Cordioli
88133-508,Avenida Guilherme Scharf
88133-510,Avenida Ivo Lucchi
88133-530,Avenida Progresso
88133-700,Rua Açucena
88133-562,Rua Amaro da Silva
88133-307,Rua Arnoldo Schlemper
88133-382,Rua Azaléia
88133-589,Rua Carlos Miguel Lopes
88133-440,Rua Castro Alves
88133-560,Rua Cecília do Rego Almeida
88133-322,Rua Célio Weber
88133-760,Rua Centáurea
88133-430,Rua Cruz e Souza
88133-810,Rua Dália
88133-460,Rua Diamante
88133-596,Rua Edgar Corrêa dos Santos
88133-564,Rua Edson João Marcelino
88133-340,Rua Elaine Cristina
88133-585,Rua Elizeth Cardoso
88133-598,Rua Evanildo Bertolina
88133-570,Rua Fermino Aloísio Brant
88133-360,Rua Francisco Tolentino
88133-710,Rua Gazânia
88133-800,Rua Gerânio
88133-303,Rua Glauber Rocha
88133-580,Rua Governador Pedro Ivo Campos
88133-572,Rua Hernani Luis Barbosa
88133-310,Rua Jerônimo Knoth
88133-470,Rua Joana D'Arc
88133-465,Rua João Goulart
88133-305,Rua João Paulo I
88133-591,Rua João Vitorino Rodrigues
88133-597,Rua Juacir dos Passos
88133-540,Rua Juliano Lucchi
88133-533,Rua Juvenil Parize Trento
88133-782,Rua Klava
88133-320,Rua Lauro Muller
88133-453,Rua Lídia Soares de Souza
88133-740,Rua Lírio
88133-790,Rua Lisânto
88133-487,Rua Lobélia
88133-568,Rua Luiz Tadeu Gandolfi Dutra
88133-380,Rua Machado de Assis
88133-587,Rua Marcos Linhares de Assis
88133-592,Rua Maria Eugênia Delfino
88133-490,Rua Monsenhor Roberto Landell de Moura
88133-330,Rua Nereu Ramos
88133-400,Rua Nossa Senhora Aparecida
88133-350,Rua Olavo Bilac
88133-595,Rua Orly João da Silveira
88133-475,Rua Padre Cícero
88133-450,Rua Padre José de Anchieta
88133-420,Rua Pedro Álvares Cabral
88133-485,Rua Pérola
88133-780,Rua Petúnia
88133-315,Rua Presidente Getúlio Vargas
88133-527,Rua Raul Miguel de Souza
88133-455,Rua Renato Ramos da Silva
88133-593,Rua Rodolfo José Ferreira
88133-590,Rua Ronei Cavalheiro
88133-495,Rua Rui Barbosa
88133-519,Rua Salomão da Silva Mattos
88133-480,Rua Santa Mônica
88133-599,Rua Ulisses de Oliveira Rosa
88133-532,Rua Valdair Antônio Geremias
88133-390,Rua Valdemar Vieira
88133-594,Rua Verônica da Silva
88133-370,Rua Vítor Meireles
88133-535,Servidão Antônio José Guarezi
88133-583,Servidão Antônio Manoel Leal
88133-357,Servidão Sebastião Bressiani
88133-550,Rodovia BR-101
88136-303,Rua das Ameixas
88136-307,Rua das Bergamotas
88136-309,Rua das Canafístulas
88136-310,Rua das Canelas
88136-311,Rua das Carambolas
88136-314,Rua das Cerejas
88136-315,Rua das Cigarreiras
88136-319,Rua das Eretrinas
88136-320,Rua das Frutas do Conde
88136-324,Rua das Gabirobas
88136-321,Rua das Goiabeiras
88136-322,Rua das Graviolas
88136-323,Rua das Grumixamas
88136-331,Rua das Laranjeiras
88136-335,Rua das Perobas
88136-337,Rua das Pitangueiras
88136-338,Rua das Quaresmeiras
88136-339,Rua das Sibipirunas
88136-341,Rua das Tucaneiras
88136-343,Rua das Uvaias
88136-304,Rua dos Angicos
88136-305,Rua dos Araçás
88136-306,Rua dos Bacuparis
88136-308,Rua dos Cajueiros
88136-312,Rua dos Cedros
88136-313,Rua dos Chau-Chaus
88136-316,Rua dos Cocãos
88136-317,Rua dos Coqueirais
88136-318,Rua dos Dedaleiros
88136-325,Rua dos Ingás
88136-326,Rua dos Ipês Amarelo
88136-327,Rua dos Ipês Roxo
88136-328,Rua dos Jacarandás
88136-330,Rua dos Jucás
88136-333,Rua dos Palmiteiros
88136-336,Rua dos Pêssegos
88136-332,Rua Manacás da Serra
88136-334,Rua Patas de Vacas
88131-560,Avenida Aleixo Alves de Souza
88131-599,Avenida Aleixo Alves de Souza
88131-551,Avenida Vidal Procópio Lohn
88131-554,Avenida Vidal Procópio Lohn
88131-571,Rua Abílio Roldão Garcia
88131-629,Rua Acácio Espindola
88131-558,Rua Acácio Martins
88131-607,Rua Adelina Vargas Petzold
88131-617,Rua Alécio Martins
88131-593,Rua Aleijadinho
88131-587,Rua Alfredo Volpi
88131-581,Rua Anilza Leoni
88131-575,Rua Antônio Gomid
88131-580,Rua Ari Laudelino Martins
88131-556,Rua Artur Sell
88131-622,Rua Ary Jorge Ribeiro de Sá
88131-592,Rua Bernadina Basilissa da Silva
88131-619,Rua Campolino Geremias Lostada
88131-569,Rua Cecilia Maria Espindola
88131-624,Rua Claudemiro João Saibert
88131-638,Rua Claudio Espindola
88131-613,Rua das Felicidades
88131-610,Rua Doraci Duarte de Oliveira
88131-612,Rua Doroteu Pereira de Matos
88131-572,Rua Dorvalina Batista
88131-611,Rua Eduardo Dias
88131-630,Rua Elias Egídio Moreira
88131-633,Rua Elias Schmidt
88131-618,Rua Ermiliano Cavalcanti
88131-625,Rua Ernesto Meyer Filho
88131-637,Rua Felisberto Francisco Cardoso
88131-631,Rua Flavio de Carvalho
88131-627,Rua Flor de Lotus
88131-563,Rua Franklin Cascaes
88131-576,Rua Hercílio Jorge da Silva
88131-589,Rua Janete Marilda de Souza
88131-562,Rua João Feliciano da Silva
88131-632,Rua João Manoel de Jesus
88131-586,Rua João Manoel Garcia
88131-615,Rua João Olímpio de Espindola
88131-557,Rua José Antônio Moraes
88131-561,Rua José Vasco Martins
88131-550,Rua Ladislau Pedro Moreira
88131-639,Rua Lauro Bechtold
88131-628,Rua Lídia da Silva Lima
88131-604,Rua Manoel Candido de Farias
88131-609,Rua Manoel João Garcia
88131-578,Rua Marcio Antônio de Souza
88131-605,Rua Marcos Danete
88131-574,Rua Maria Isolina da Silva
88131-597,Rua Nelson Floriano Campos
88131-583,Rua Nicolau José de Farias
88131-623,Rua Nilma Emília Martins
88131-585,Rua Olimpio João de Espindola
88131-564,Rua Orlando João da Rosa
88131-582,Rua Osmar Rodão Garcia
88131-606,Rua Osvaldo Bossolan
88131-641,Rua Otávio Marcelino Martins
88131-640,Rua Paulo Roberto AIves
88131-579,Rua Pedro Manoel da Silva
88131-616,Rua Professor Milton João de Espindola
88131-568,Rua Professora Lair Quadros de Espindola
88131-590,Rua Raulino Guilherme Scheimann
88131-595,Rua Roberto Paragó
88131-620,Rua Sargento Aldo Genésio Martins
88131-591,Rua Sergio Albino da Silva
88131-577,Rua Valdir Batista
88131-584,Rua Valdir de Souza Pinheiro
88131-559,Rua Valmor Hilário Moreira
88131-626,Rua Valter Augustinho Martins
88131-608,Rua Vereador Antônio Gaspar Schutz
88131-636,Rua Vereador Flavio Raul Martins
88131-573,Rua Vereador Francisco Espindola
88131-588,Rua Waldemar Garcia
88131-594,Rua Wilson Espindola
88131-567,Rua Zulma Júlia Martins
88134-000,Rodovia BR-101
88135-010,Rodovia BR-101
88135-011,Rodovia BR-101
88135-072,Rua Recanto das Flores
88134-884,Avenida Amoritas
88134-886,Avenida Cananeus
88134-842,Avenida Central Firenze
88134-866,Avenida das Civilizações
88134-852,Avenida do Comércio
88134-862,Avenida dos Continentes
88134-850,Avenida Norte-Sul
88134-844,Rua 1ª Transversal Firenze
88134-846,Rua 2ª Transversal Firenze
88134-848,Rua 3ª Transversal Firenze
88135-064,Rua Adelina Julia de Campos
88134-150,Rua Alaíde Linhares Macedo
88135-071,Rua Alzerino Francisco Velho
88135-092,Rua Antonio Benjamim Batista
88135-381,Rua Antônio Braz Damazio
88135-074,Rua Antonio da Bicota
88134-870,Rua Arcadianos
88135-069,Rua Ari Bernardino Coelho
88134-854,Rua Artur Sell
88134-882,Rua Astecas
88134-858,Rua Braulino Gutiha
88135-106,Rua Célio Velho
88134-874,Rua Celtas
88134-140,Rua Crescêncio Inácio da Silva
88135-078,Rua do Juca
88135-083,Rua Dorvalina Maria da Silva
88134-868,Rua Egito
88134-856,Rua Fenícios
88135-109,Rua Francisco Velho
88134-860,Rua Gregos
88135-067,Rua Inácio Paulo Dalri
88134-864,Rua Inca
88135-380,Rua Januário Pereira de Lima
88135-097,Rua João Antônio da Silva
88135-096,Rua João Clemente Botelho
88135-090,Rua João Domingos da Silva
88135-089,Rua João Gualberto
88134-030,Rua João Martins de Souza
88135-088,Rua José Cândido da Silva
88135-094,Rua José Duarte da Silva
88135-098,Rua José Paulo Esteves Ávila
88135-086,Rua Lauri Antonio da Silva
88134-880,Rua Maias
88135-379,Rua Manoel Pacheco da Silva
88135-085,Rua Maria José da Conceição
88135-099,Rua Maria Leopoldina da Silva
88135-383,Rua Natalino Campos Schaimann
88135-000,Rua Nelson Floriano Campos
88135-075,Rua Osni José Pereira
88135-066,Rua Osny Rogério Berreta
88134-872,Rua Persa
88134-876,Rua Romanos
88135-077,Rua São Pedro
88135-087,Rua Sérgio Murilo de Pinho
88134-142,Rua Silvano Francisco da Silva
88135-093,Rua Vânio Pedro Dutra
88134-145,Rua Vasco e Macedo
88134-878,Rua Vikings
88135-073,Servidão Diomar Boeing
88135-003,Servidão Elisa Caetana da Silva
88135-385,Servidão João Pedro Cristiano
88135-005,Servidão João Zeferino de Melo
88135-382,Servidão Manoel Cândido Borges
88135-091,Servidão Mauro Ramos
88135-384,Servidão Pedro Antônio da Silva
88135-095,Servidão Roldão Serafim da Rosa
88135-076,Servidão Silvano Francisco da Silva
88135-079,Travessa Antonio Benjamim Batista
88132-224,Avenida Alexandre Coelho
88132-226,Avenida Alexandre Coelho
88132-149,Avenida Atílio Pedro Pagani
88132-256,Avenida Hilza Terezinha Pagani
88132-215,Avenida Pagani
88132-275,Avenida Raulino Pagani
88132-207,Rua Alexandria
88132-272,Rua Avelino
88132-209,Rua Bergamo
88132-201,Rua Bolonha
88132-241,Rua Bréscia
88132-229,Rua Capri
88132-260,Rua Carlos Henrique Schmidt
88132-277,Rua Carlos Schutz
88132-267,Rua das Nações Unidas
88132-278,Rua Ferrara
88132-214,Rua Firenze
88132-204,Rua Ímola
88132-148,Rua Joci José Martins
88132-274,Rua Livorno
88132-151,Rua Luca
88132-255,Rua Lugano
88136-282,Rua Maria Mathilde de Souza
88132-212,Rua Milão
88132-150,Rua Najla Carone Guedert
88132-221,Rua Parma
88132-239,Rua Roma
88132-228,Rua Thereza Vill De Matos
88132-268,Rua Toscánia
88132-223,Rua Trento
88132-227,Rua Trieste
88132-208,Rua Turino
88132-225,Rua Unide
88132-269,Rua Varese
88132-015,Rua Vereador Jacob Knabben da Silva
88132-237,Rua Verona
88132-012,Servidão Atalíbio Ramos
88132-265,Servidão Aurea Ramos Pierre
88132-222,Servidão Família Lindolfo
88132-258,Servidão Moretti
88132-213,Servidão Portal do Pagani
88132-238,Rua Tomáz Domingos da Silveira
88132-010,Rodovia BR-101
88132-011,Rodovia BR-101
88133-203,Rua Chica da Silva
88133-245,Rua Chica da Silva
88133-160,Rua Indaial
88133-243,Rua Indaial
88133-180,Rua Jaraguá do Sul
88133-208,Rua Jaraguá do Sul
88133-018,Rua José de Alencar
88133-070,Rua José de Alencar
88133-170,Rua Lages
88133-206,Rua Lages
88133-055,Rua Orleans
88133-120,Rua Orleans
88132-000,Rua Prefeito Reinoldo Alves
88132-001,Rua Prefeito Reinoldo Alves
88133-100,Rua Salvador Acisclo da Silveira
88133-212,Rua Salvador Acisclo da Silveira
88133-285,Rua Salvador Acisclo da Silveira
88133-200,Rua Sílvio Lisboa Gandolfi
88133-283,Rua Sílvio Lisboa Gandolfi
88132-060,Avenida Cláudio Zacchi
88133-301,Avenida das Torres
88133-300,Avenida Gentil Reinaldo Cordioli
88132-199,Avenida Raulino Pagani
88132-013,Rua 859
88132-217,Rua 891
88132-284,Rua 893
88132-230,Rua Alberto Laureano Henrich
88133-215,Rua Anitápolis
88132-242,Rua Antonio José de Macedo
88132-276,Rua Ariena
88133-085,Rua Arnoldo Schlemper
88132-210,Rua Arvoredo
88132-157,Rua Áurea Rosa da Luz
88132-243,Rua Bari
88132-045,Rua Bertholdo Ricardo Beling
88132-159,Rua Bertoldo Rufino Beling
88132-158,Rua Bertolino Rufino da Silva
88132-135,Rua Bonfim
88132-246,Rua Cabo Oderli Schlichting
88132-200,Rua Carlos Kirch
88132-282,Rua Carrara
88132-070,Rua Caxambú
88132-155,Rua Cecílio Antônio Leal
88132-251,Rua Celsa Pierri da Silva
88132-288,Rua César Leopoldo Scheidt
88133-060,Rua Criciúma
88132-250,Rua da Saudade
88133-110,Rua Dante Antônio Malagotti
88133-140,Rua Duque de Caxias
88133-030,Rua Florianópolis
88132-090,Rua Flórida
88132-153,Rua Gênova
88132-287,Rua Golhhried Passing
88132-270,Rua Guarujá
88133-157,Rua Henrique Joaquim de Borba
88133-040,Rua Independência
88132-080,Rua Indiana
88133-260,Rua Irmã Dulce
88133-135,Rua Itajaí
88132-271,Rua Itália
88132-065,Rua Jaçanã
88133-280,Rua Jacinto Albino Martins
88133-020,Rua Jerusalém
88133-240,Rua João Cândido da Rosa
88133-000,Rua João Caruso Mac Donald
88133-080,Rua João Paulo I
88133-220,Rua Joinville
88133-130,Rua Jorge Corino da Luz
88132-281,Rua José Antônio da Silva
88132-140,Rua José Bonifácio de Souza
88132-184,Rua José Claudiano da Rosa
88133-150,Rua José Leonidio Vieira
88132-185,Rua José Lino da Silveira
88132-280,Rua Latina
88132-220,Rua Leopoldo Pierri
88132-160,Rua Lidia Bach Scheidt
88132-254,Rua Lido
88132-075,Rua Lindóia
88133-015,Rua Madre Paulina
88133-214,Rua Manoel Felício Machado
88132-252,Rua Mántorea
88133-010,Rua Marabás
88132-245,Rua Maria de Lurdes Rosa
88133-270,Rua Maria Emília dos Santos
88132-216,Rua Maria Luiza da Silva
88132-244,Rua Maria Luzia de Souza
88133-155,Rua Maria Teodora Haeming
88132-205,Rua Minuano
88132-085,Rua Mirasol
88132-152,Rua Módena
88132-240,Rua Monte Verde
88132-147,Rua Monza
88133-115,Rua Navegantes
88133-250,Rua Neri dos Santos
88133-050,Rua Nova Veneza
88132-020,Rua Novo Horizonte
88132-110,Rua Ocidente
88132-130,Rua Oriente
88132-235,Rua Padova
88132-100,Rua Primavera
88133-090,Rua São Francisco do Sul
88133-125,Rua São Joaquim
88133-290,Rua Saul Brandalise
88132-120,Rua Seis de Agosto
88132-233,Rua Siena
88132-279,Rua Tinoli
88132-253,Rua Treviso
88133-210,Rua Urussanga
88132-231,Rua Veneza
88133-230,Rua Vicente Albino dos Santos
88132-050,Rua Waldemar Pedro de Oliveira
88133-153,Servidão Alécio dos Santos
88132-040,Servidão Alvorada
88132-273,Servidão Ana Knabben
88133-112,Servidão Chico Mendes
88132-003,Servidão Danillo Malagolli
88132-025,Servidão Edmundo Pedro Coelho
88132-027,Servidão Firmina Rita de Freitas
88133-158,Servidão Leandro Xavier
88132-283,Servidão Luiz José de Farias
88132-017,Servidão Maria Soares da Silva
88133-288,Servidão Orlando Humberto Pierri
88132-232,Travessa Alberto Laureano Henrich
88132-234,Travessa do Bem
88139-075,Rodovia Evádio Paulo Broering
88139-016,Rua 1446
88139-017,Rua 1447
88139-032,Rua 1448
88139-033,Rua 1449
88139-042,Rua 1452
88139-040,Rua 1453
88139-035,Rua 1454
88139-036,Rua 1455
88139-037,Rua 1456
88139-038,Rua 1457
88139-039,Rua 1458
88139-072,Rua 1460
88139-059,Rua 1466
88139-066,Rua 1467
88139-071,Rua 1468
88139-048,Rua 1593
88139-049,Rua 1594
88139-013,Rua 1597
88139-030,Rua 1611
88139-057,Rua 1614
88139-062,Rua 1615
88139-025,Rua 1618
88139-023,Rua 1619
88139-022,Rua 1620
88139-019,Rua 1622
88139-028,Rua 1623
88139-052,Rua 1624
88139-054,Rua 1628
88139-046,Rua 1680
88139-068,Rua 1691
88139-005,Rua Antônio Monteiro Talles
88139-070,Rua Argelino Medeiros Garcia
88139-044,Rua Arnoldo Scharmanann
88139-018,Rua do Capim
88139-012,Rua Enedino João Martins
88139-045,Rua Estrela do Mar Azul
88139-064,Rua Jece de Medeiros Filho
88139-067,Rua João Manoel Bittencourt
88139-060,Rua José Argelino Garcia
88139-047,Rua Manoel dos Santos Lostada
88139-010,Rua Maria Ermína Pacheco
88139-031,Rua Santa Luzia
88139-069,Rua Zilda Medeiros Garcia
88139-020,Servidão José João de Souza
88137-280,Avenida das Águias
88137-200,Avenida das Maracanãs
88137-315,Avenida das Universidades
88137-100,Avenida dos Lagos
88137-270,Avenida Pedra Branca
88132-290,Rua Agenor José Soares
88137-113,Rua Arandú
88137-068,Rua Armação
88132-289,Rua Benta de Souza
88137-070,Rua Boulevard do Parque
88137-064,Rua Cacupé
88137-060,Rua Canasvieiras
88137-043,Rua da Guarda
88137-045,Rua da Pedra
88137-086,Rua da Praça
88137-170,Rua da Saracura
88137-074,Rua da Universidade
88137-325,Rua das Alamandas
88137-295,Rua das Andorinhas
88137-305,Rua das Aracuãs
88137-177,Rua das Araras
88137-310,Rua das Atobás
88137-360,Rua das Avencas
88137-365,Rua das Azaléias
88137-355,Rua das Baronesas
88137-375,Rua das Begônias
88137-285,Rua das Biguás
88137-435,Rua das Cabreúvas
88137-415,Rua das Cacaueiros
88137-425,Rua das Cambiúnas
88137-440,Rua das Cambuís
88137-420,Rua das Camélias
88137-260,Rua das Cegonhas
88137-250,Rua das Cerejeiras
88137-130,Rua das Emas
88137-210,Rua das Figueiras
88137-140,Rua das Garças
88137-350,Rua das Gardênias
88137-240,Rua das Goiabeiras
88137-145,Rua das Gralhas Azuis
88137-380,Rua das Hortências
88137-225,Rua das Laranjeiras
88137-230,Rua das Macieiras
88137-445,Rua das Melissas
88137-450,Rua das Nogueiras
88137-390,Rua das Orquídeas
88137-175,Rua das Perdizes
88137-153,Rua das Saíras
88137-255,Rua das Siriemas
88137-330,Rua das Violetas
88137-090,Rua Di Cavalcanti
88137-290,Rua do Albatroz
88137-335,Rua do Amor-perfeito
88137-400,Rua do Bunganvília
88137-430,Rua do Copo de Leite
88137-048,Rua do Forte
88137-190,Rua do João de Barro
88137-187,Rua do Martim Pescador
88137-120,Rua do Mirante
88137-160,Rua do Sanhaçu
88137-056,Rua do Sonho
88137-345,Rua dos Antúrios
88137-265,Rua dos Beija-Flores
88137-395,Rua dos Bem-me-queres
88137-257,Rua dos Bem-Te-Vis
88137-165,Rua dos Canários
88137-275,Rua dos Cardeais
88137-300,Rua dos Cisnes
88137-410,Rua dos Cravos
88137-110,Rua dos Curiós
88137-105,Rua dos Flamingos
88137-135,Rua dos Gaviões
88137-320,Rua dos Hibiscos
88137-205,Rua dos Inambus
88137-385,Rua dos Ipês
88137-195,Rua dos Jaçanãs
88137-405,Rua dos Jasmins
88137-370,Rua dos Juazeiros
88137-455,Rua dos Lírios
88137-185,Rua dos Macucos
88137-180,Rua dos Pardais
88137-103,Rua dos Pintassilgos
88137-152,Rua dos Rouxinóis
88137-155,Rua dos Sabiás
88137-125,Rua dos Tangarás
88137-150,Rua dos Tiés
88137-102,Rua dos Tucanos
88137-066,Rua Enseada do Brito
88137-340,Rua Flor Cheirosa
88137-042,Rua Ingleses
88137-084,Rua Jair Hamms
88137-138,Rua Jarí
88137-010,Rua João Bernadino da Rosa
88137-062,Rua Joaquina
88137-078,Rua Jorge Amado
88137-059,Rua Jurerê
88137-050,Rua Lagoinha
88137-082,Rua Lindolf Bell
88137-025,Rua Lindolfo Raulino dos Santos
88137-030,Rua Maria Aurora
88137-088,Rua Martinho de Haro
88137-058,Rua Moçambique
88137-040,Rua Morro das Pedras
88137-108,Rua Panambí
88137-133,Rua Pararí
88137-054,Rua Ponta das Canas
88137-076,Rua Portinari
88137-128,Rua Potí
88132-247,Rua Professor Ângelo Cascaes Tancredo
88132-218,Rua Recanto dos Santos
88137-072,Rua Rubens de Arruda Ramos
88137-052,Rua Sambaqui
88137-041,Rua Santinho
88132-292,Rua Vereador Jacob Knabben da Silva
88132-286,Servidão Augustinho Vicente Assumpção
88132-285,Servidão Dolores Maria Patrício Soares
88137-032,Servidão Laerte Stefens
88136-045,Servidão Tupi Guarani
88137-115,Travessa das Corruíras
88137-220,Travessa das Mangueiras
88137-215,Travessa dos Abacateiros
88137-235,Travessa dos Araças
88137-245,Travessa dos Pessegueiros
88137-272,Travessa Pedra Branca
88139-197,Rua Sagrada Familia
88139-447,Rua Sagrada família
88139-228,Avenida Arco Íris
88139-184,Avenida Astrogildo Quadros
88139-214,Avenida Beira Mar
88139-450,Beco das Corujas
88139-351,Rodovia Aderbal Ramos da Silva
88139-210,Rodovia Evádio Paulo Broering
88139-437,Rua 1362
88139-441,Rua 1387
88139-444,Rua 1389
88139-370,Rua 1411
88139-371,Rua 1413
88139-410,Rua 1422
88139-409,Rua 1423
88139-408,Rua 1424
88139-406,Rua 1689
88139-392,Rua 1706
88139-393,Rua 1707
88139-394,Rua 1708
88139-404,Rua 1709
88139-387,Rua 1722
88139-204,Rua 2004
88139-229,Rua 521
88139-361,Rua Adelina Rodrigues Martins
88139-431,Rua Adílio Souza Rosa
88139-366,Rua Alexandre Mautone
88139-209,Rua Altino Porto dos Santos
88139-189,Rua Amélia Ursolina Ramos
88139-232,Rua Antonio Vitor Vieira
88139-352,Rua Benjamim Porto
88139-380,Rua Cândida Maria Vicência
88139-397,Rua Cissi
88139-424,Rua da Amizade
88139-448,Rua da Telesc
88139-194,Rua Dante Sanfelice
88139-365,Rua das Corujas
88139-373,Rua das Vassouras
88139-400,Rua do Mar
88139-427,Rua Dom Patrício
88139-423,Rua dos Camarões
88139-415,Rua dos Corais
88139-364,Rua dos Palmares
88139-433,Rua dos Paratis
88139-385,Rua dos Pescadores
88139-238,Rua Elisa da Silva Lucas
88139-230,Rua Erminia Amélia Felippi Raulino
88139-418,Rua Fermina Maria Nunes
88139-186,Rua Fernando Tadeu Gerach de Oliveira
88139-399,Rua Gaivota
88139-430,Rua Hermelinda Amélia Felipe
88139-434,Rua Hortêncio Pedro Antunes
88139-369,Rua Idalicia da Silva
88139-368,Rua Javentino Pereira
88139-367,Rua João Fedoca
88139-376,Rua João Manoel Gonçalves
88139-556,Rua João Paulo Silva Soster
88139-396,Rua José Manoel da Silveira
88139-395,Rua José Nestor de Mattos
88139-220,Rua Leonardo Hipolito Martins
88139-384,Rua Manoel Martins
88139-354,Rua Marcos José Nascimento
88139-555,Rua Maria Carmo da Trindade
88139-234,Rua Maria Farinha
88139-402,Rua Maria Rosa Witerbo
88139-379,Rua Miguel Abel da Silva
88139-378,Rua Nelson Manoel da Silva
88139-414,Rua Neuza Vidal Schimitz
88139-382,Rua Olga da Silva Silveira
88139-236,Rua Padre Aurélio Ganzi
88139-405,Rua Paulina de Matos
88139-200,Rua Paulo Manoel dos Santos
88139-412,Rua Pedro João Rosa
88139-353,Rua Pericô
88139-383,Rua Plácida Martins da Silva
88139-362,Rua Pôr do Sol
88139-442,Rua Professor Fanor da Silva
88139-375,Rua Professor Vicente Manoel Silveira
88139-188,Rua Professora Clotilde Silveira Juttel
88139-386,Rua Professora Ozima Clara Sumar
88139-363,Rua Raimundo Correia
88139-403,Rua Recanto
88139-428,Rua Sol e Mar
88139-181,Rua Teofilo Scheidt
88139-191,Rua Tia Silvia
88139-225,Rua Valdir Pierri
88139-360,Servidão 1390
88139-391,Servidão 1704
88139-443,Servidão Ana Carolina
88139-390,Servidão Antenor Rosa
88139-435,Servidão Beija-flor
88139-389,Servidão Calírio Azevedo
88139-419,Servidão Canto das Amendoeiras
88139-413,Servidão Costa
88139-420,Servidão Crispin Jovita Daniel
88139-359,Servidão Custódia Elias
88139-436,Servidão da Torre
88139-421,Servidão das Iris
88139-372,Servidão David Silveira
88139-439,Servidão do Ligeirinho
88139-411,Servidão Dona Antônia
88139-422,Servidão Dona Modesta
88139-438,Servidão dos Caracóis
88139-401,Servidão dos Falcões
88139-429,Servidão dos Moleques
88139-355,Servidão Dunas
88139-432,Servidão Elosa
88139-445,Servidão Evori Alves
88139-381,Servidão Francisco Lázaro dos Santos
88139-416,Servidão Garrincha
88139-388,Servidão Guilherme Manoel de Oliveira
88139-425,Servidão Irapuru
88139-417,Servidão João de Freitas
88139-398,Servidão José Manoel da Silveira
88139-449,Servidão José Manoel Francisco
88139-357,Servidão Kalu I
88139-358,Servidão Kalu II
88139-356,Servidão Luiz
88139-377,Servidão Manoel Paulino de Matos
88139-440,Servidão Margarida das Pedras
88139-374,Servidão Pedreira
88139-426,Servidão Por do Sol Praia de Baixo
88139-552,Servidão Quirino
88139-407,Servidão Rozalina Raulino
88139-446,Servidão Valdenir Joaquim da Silva
88130-300,Avenida Aniceto Zacchi
88130-301,Avenida Aniceto Zacchi
88130-600,Avenida Elza Lucchi
88130-601,Avenida Elza Lucchi
88130-790,Rodovia BR-101
88130-742,Alameda dos Ipês
88130-415,Avenida Cláudio Osmar Silva
88130-685,Rua Acácio Santiago
88130-455,Rua Adolfo Ziguelli
88130-428,Rua Afonso Della Rocca
88130-812,Rua Albertina de Moraes
88130-555,Rua Alberto Guilherme Schlichting
88130-820,Rua Alberto Zluhan
88130-468,Rua Alcino Honório de Amorim
88130-620,Rua Alferes Tiradentes
88130-610,Rua Almirante Tamandaré
88130-554,Rua Altino José da Cunha
88130-568,Rua Ambrósio Alzemiro dos Santos
88130-460,Rua Aníbal Nunes Pires
88130-445,Rua Anita Garibaldi
88130-492,Rua Antônio Clemente Veber
88130-545,Rua Antônio Gonçalves Chaves
88130-360,Rua Antônio Muniz de Aragão
88130-470,Rua Antônio Vieira
88130-826,Rua Ari Alécio de Mello
88130-335,Rua Arlindo Alcebíades de Andrade
88130-485,Rua Armando Siegel
88130-495,Rua Armando Zacchi
88130-815,Rua Artur Osório de Araújo
88130-033,Rua Ataíde Pereira dos Anjos
88130-500,Rua Augusto Westphal
88130-380,Rua Basílio Albino Ramos Filho
88130-310,Rua Beira Rio-mar
88130-730,Rua Belmiro Della Justina
88130-497,Rua Calirio Ferreira
88130-494,Rua Capistrano
88130-650,Rua Carlos Alberto Campos
88130-675,Rua Cecília Meireles
88130-450,Rua Cláudio Coutinho
88130-755,Rua Claudomiro Pizani
88130-491,Rua Darci José Moreira
88130-595,Rua das Rosas
88130-356,Rua Dom Pedro II
88130-353,Rua Doralice Santana
88130-754,Rua Dorothea Olinda Schlemper
88130-370,Rua Eduardo Germano Schutz
88130-680,Rua Elis Regina
88130-810,Rua Emília Knabben da Silveira
88130-645,Rua Euclides da Cunha
88130-625,Rua Floriano Peixoto
88130-484,Rua Frederico Derci Feldberg
88130-490,Rua Frederico Wagner
88130-408,Rua Frei Elpídio
88130-745,Rua Frei João Vicelli
88130-750,Rua Frei Lauro
88130-830,Rua Frida Kohl Zluhan
88130-425,Rua Geraldo Jansen
88130-660,Rua Graciliano Ramos
88130-822,Rua Guarujá do Sul
88130-727,Rua Heitor Nunes
88130-615,Rua Hercílio Luz
88130-442,Rua Honório Cardoso
88130-510,Rua Israel Xavier Neves
88130-503,Rua Ivo Westphal
88130-440,Rua Jerônimo Ávila
88130-430,Rua João Aldoff
88130-340,Rua João Batista Pierre
88130-800,Rua João Born
88130-575,Rua João Dias dos Santos
88130-385,Rua João Febrônio de Oliveira
88130-330,Rua João Gonçalves
88130-308,Rua João Odimar dos Santos
88130-493,Rua João Pereira de Medeiros
88130-475,Rua João Pereira dos Santos
88130-410,Rua Joaquim Souza Lobo
88130-720,Rua Jornalista Bento Silvério
88130-465,Rua José Adão
88130-400,Rua José Frederico Guedert
88130-328,Rua José Olibio Lopes
88130-320,Rua José Porto dos Santos
88130-480,Rua José Salvador Diniz
88130-505,Rua José Silveira de Souza
88130-513,Rua José Soares de Oliveira
88130-670,Rua Lázaro Bartolomeu
88130-825,Rua Lolita Philippe
88130-655,Rua Maiza Matarazzo
88130-420,Rua Major José Honório da Costa
88130-700,Rua Manoel Luiz Teixeira
88130-496,Rua Maracanã
88130-725,Rua Márcia de Winderson
88130-808,Rua Maria do Carmo Lopes
88130-743,Rua Maria Soares
88130-705,Rua Mário Rocha
88130-325,Rua Max Schlemper
88130-695,Rua Monteiro Lobato
88130-640,Rua Nagib Jabor
88130-345,Rua Nair Truppel
88130-570,Rua Nascente do Sol
88130-690,Rua Nelson Mandela
88130-580,Rua Nossa Senhora das Neves
88130-740,Rua Nossa Senhora de Lourdes
88130-512,Rua Osmar dos Santos
88130-835,Rua Osmar Sotero Martins
88130-365,Rua Padre Bruno José Linden
88130-516,Rua Padre Osvaldo Prim
88130-780,Rua Papa Paulo VI
88130-805,Rua Pedro Sotero
88130-312,Rua Pereira
88130-520,Rua Poeta Carlos Napoleão
88130-635,Rua Princesa Isabel
88130-482,Rua Rodolfo Beppler
88130-710,Rua Rodolfo Scharf
88130-324,Rua Rodolfo Westphal
88130-486,Rua Salustiano Pedro dos Passos
88130-535,Rua Salvador Marcos da Silveira
88130-630,Rua Santos Dumont
88130-735,Rua São Bom Jesus do Iguapé
88130-318,Rua São João
88130-760,Rua São Judas Tadeu
88130-314,Rua São Paulo
88130-316,Rua São Pedro
88130-665,Rua Sérgio Bitencourt
88130-728,Rua Tertuliano de Andrade
88130-350,Rua Trinta e Um de Março
88130-317,Rua Ubirajara Luz
88130-390,Rua Valentim Camilo Garcia
88130-035,Rua Vereador Edo Lucchi
88130-036,Rua Vereadora Vilma Schmitt Luchi
88130-405,Rua Vicente Pamplona
88130-585,Rua Villa Lobos
88130-605,Rua Vinícius de Moraes
88130-322,Rua Vitório Luchi
88130-540,Rua Zeferino José da Silva
88130-422,Servidão Arnoldo Vieira
88130-483,Servidão Dário Ferreira
88130-434,Servidão das Crianças
88130-396,Servidão Espíndola
88130-416,Servidão Garcia
88130-729,Servidão Ireno de Souza
88130-498,Servidão João Bernardino Schaaf
88130-348,Servidão José Mariano Filho
88130-392,Servidão José Ramos
88130-388,Servidão José Saturnino Ramos
88130-414,Servidão José Soares
88130-827,Servidão Jovenal dos Passos
88130-432,Servidão Maria Ramos
88130-375,Servidão Miletino da Rosa
88130-349,Servidão Peres
88130-412,Servidão Pierri
88130-305,Servidão Silva
88130-394,Servidão Silveira
88130-488,Servidão Souza
88130-417,Travessa Dolida
88130-542,Travessa José Manoel Marcelino
88130-518,Travessa Santa Fé
88130-790,Rodovia BR-101
88138-095,Rodovia BR-101
88138-722,Rua B
88138-758,Rua H
88138-752,Rua J
88138-747,Rua C
88138-722,Rua B
88138-754,Avenida Ari Amâncio da Silveira
88138-165,Avenida Beira Mar
88138-400,Avenida Beira Mar Sol
88138-750,Avenida Praia Sol
88138-761,Loteamento Maria Rosa
88138-095,Rodovia BR-101
88138-721,Rua A
88138-168,Rua Acrysio Daniel
88138-245,Rua Aldo Ferreira de Souza
88138-759,Rua Altamiro Pereira de Lima
88138-125,Rua Álvaro Ramos
88138-641,Rua Alves de Souza
88138-155,Rua Alvim Miguel Martins
88138-694,Rua Amâncio Manoel Silveira
88138-680,Rua Amaro Serafim dos Passos
88138-159,Rua Ana Rack Dieckmann
88138-312,Rua Anga Verde
88138-182,Rua Anita Labes Heidrich Pinheiro
88138-330,Rua Antonieta Corrêa
88138-420,Rua Antônio Júlio Fagundes
88138-300,Rua Arcanjo Cândido da Silva
88138-540,Rua Belo Horizonte
88138-645,Rua Benta Martins Ribeiro
88138-684,Rua Bernardino Virgílio de Abreu
88138-505,Rua Bom Pastor
88138-610,Rua Brasília
88138-250,Rua Cambirela
88138-550,Rua Campo Grande
88138-745,Rua Carlito Farias
88138-325,Rua Carlos Brito
88138-665,Rua Carlos Deolindo Dutra
88138-238,Rua Charles Emerson Horst
88138-760,Rua Comandante Osni Schuttel Furtado
88138-669,Rua Coqueiros
88138-590,Rua Curitiba
88138-230,Rua da Cachoeira
88138-255,Rua Davino José de Campos
88138-746,Rua Delorme Mazola
88138-716,Rua do Cedro
88138-756,Rua do Chalé
88138-100,Rua Domingos de Souza Filho
88138-120,Rua Domingos João de Medeiros
88138-711,Rua Dona Chica
88138-705,Rua Dona Ivone
88138-704,Rua Dona Júlia
88138-115,Rua Dorvalino Tavares
88138-713,Rua dos Artistas
88138-085,Rua dos Barbeiros
88138-160,Rua Dulce Lima Costa
88138-145,Rua Duque de Caxias
88138-380,Rua Eduardo Germano Schutz
88138-753,Rua Elicio Nunes
88138-164,Rua Emília de Medeiros Goulart
88138-726,Rua Flores
88138-520,Rua Fortaleza
88138-170,Rua Francisco Fraga
88138-720,Rua Garoupa
88138-660,Rua Genoino Pereira da Silva
88138-180,Rua Gercino Nicolau Duarte
88138-730,Rua Girassol
88138-640,Rua Goiânia
88138-157,Rua Helena Krauser Duarte
88138-166,Rua Hermínia Maria de Souza
88138-506,Rua Ieda Moreira
88138-643,Rua Ingo Hoffmann
88138-714,Rua Jacob Brunet
88138-103,Rua Jaime Bianchini
88138-305,Rua João Antônio Pereira
88138-701,Rua João Bernardino de Souza
88138-147,Rua João Cardoso
88138-163,Rua João Custódio de Souza
88138-712,Rua João de Barro
88138-719,Rua João Manoel da Silva
88138-515,Rua João Pessoa
88138-150,Rua José Bonifácio
88138-748,Rua José Evaldo Hoffmann
88138-270,Rua José Manoel da Silva
88138-152,Rua José Pedro Correia Filho
88138-738,Rua José Silveira
88138-123,Rua Josino José de Souza
88138-675,Rua Júlia Caetano Dutra
88138-432,Rua Lauro Locks
88138-133,Rua Lindauro Antônio de Souza
88138-763,Rua Lourival Olirio Viana
88138-620,Rua Maceió
88138-240,Rua Manoel Agnel Demétrio
88138-235,Rua Manoel Agnelo Demétrio
88138-690,Rua Manoel da Silveira Dutra
88138-390,Rua Manoel Eufrásio de Medeiros
88138-090,Rua Manoel João Martins
88138-149,Rua Manoel Paulo da Silveira
88138-260,Rua Manoel Silvino da Silva
88138-762,Rua Margarida Pereira da Silva
88138-151,Rua Maria da Silva Mendes
88138-644,Rua Maria F. da Silva
88138-410,Rua Maria Ignácia Fagundes
88138-696,Rua Maria Luiza de Abreu
88138-450,Rua Maria Rosa
88138-655,Rua Martinho Furlanetto
88138-236,Rua Miguel Alvim Martins
88138-310,Rua Moacir Fernandes
88138-700,Rua Monte Cambirela
88138-510,Rua Natal
88138-350,Rua Nicolau José Rozar
88138-740,Rua Olinda Olídia Vieira
88138-156,Rua Oriando Marinho
88138-749,Rua Orquídeas
88138-370,Rua Oscar Martinho Ribeiro
88138-415,Rua Otávio João Rachadel
88138-158,Rua Palmira Rosa e Silva
88138-131,Rua Paulo Cézar Fraga
88138-715,Rua Pedra Branca
88138-600,Rua Porto Alegre
88138-173,Rua Porto Reis
88138-167,Rua Princesa Izabel
88138-682,Rua Querino Henrique da Silva
88138-668,Rua Raul Leonardo Weiss
88138-530,Rua Recife
88138-592,Rua Regina Caetana da Silveira
88138-244,Rua Renascer
88138-560,Rua Rio de Janeiro
88138-710,Rua Sabiá
88138-570,Rua Salvador
88138-171,Rua Santa Paulina
88138-724,Rua São José
88138-580,Rua São Paulo
88138-635,Rua Secundino Altino Ramos
88138-672,Rua Tereza Carolina Fernandes
88138-154,Rua Valmor Francelino da Silva
88138-755,Rua Velho Leão do Mar
88138-247,Rua Verde Vale
88138-430,Rua Vereador Bernardino Manoel Machado
88138-360,Rua Vereador Joaquim Serafim Dutra
88138-340,Rua Vereador José Joaquim Garcia
88138-153,Rua Vidal de Lima
88138-630,Rua Vitória
88138-670,Rua Vitório Beltrame
88138-751,Rua Walmor Schütz
88138-757,Rua Walmor Wagner
88138-272,Rua Wilson Braulino Campos
88138-237,Rua Wilson dos Reis Cadalso
88138-106,Servidão Adriano Alcides de Mello
88138-175,Servidão Álvaro Soares
88138-265,Servidão Amaral Garibaldino de Espíndola
88138-302,Servidão Amilton Gonçalves
88138-275,Servidão Antônio Bernardo
88138-436,Servidão Cantinho do Pescador
88138-313,Servidão do João Manoel da Rocha
88138-138,Servidão Euclides da Silva
88138-110,Servidão Francisco José Eleuthério
88138-717,Servidão Ivonei Floriano
88138-706,Servidão Izolde Guckert Campos
88138-315,Servidão João Agostinho Heller
88138-736,Servidão João da Costa Barbosa
88138-105,Servidão João Josino de Souza
88138-301,Servidão João Venceslau dos Santos
88138-298,Servidão José João Rachadel
88138-256,Servidão José Ricardo de Souza
88138-673,Servidão Ladislau Jaime Martins
88138-140,Servidão Laurinda Maria da Silva
88138-718,Servidão Manoel Vicente dos Passos
88138-462,Servidão Maria da Praia
88138-466,Servidão Maria Flor
88138-687,Servidão Martimiano Manoel Martins
88138-685,Servidão Maura da Silva Homem
88138-320,Servidão Mello
88138-130,Servidão Nova Esperança
88138-257,Servidão Osmar Esperidião de Souza
88138-127,Servidão Ponciano
88138-464,Servidão Rosa Branca
88138-702,Servidão Savedra
88138-254,Servidão Souza Alves
88139-241,Avenida Beira Rio
88139-276,Avenida Sagrada Família
88139-268,Rua 1307
88139-264,Rua 1328
88139-270,Rua 1329
88139-292,Rua 1653
88139-294,Rua 1654
88139-267,Rua 1655
88139-258,Rua 1658
88139-243,Rua 20 de junho
88139-280,Rua 2004
88139-259,Rua 507
88139-261,Rua 508
88139-262,Rua 509
88139-288,Rua 512
88139-246,Rua Ana
88139-254,Rua Aurora Vaz
88139-272,Rua Cardida Freitas da Rosa
88139-250,Rua das Flores
88139-245,Rua Floresta Azul
88139-282,Rua Graciliano de Quadros
88139-278,Rua Henrique Nicolau Peixer
88139-296,Rua Jaison Jair Martins
88139-248,Rua Marcilio Dias
88139-252,Rua Medeiros
88139-290,Rua Natalio João Silveira
88139-274,Rua Paulo Manoel dos Santos
88139-286,Rua Peterson Assunção
88139-244,Rua Pioneiro
88139-249,Rua Primavera
88139-257,Rua Santos
88139-247,Rua Silveira Nunes
88139-284,Rua Tia Silva
88139-242,Rua Tico-tico
88139-251,Rua Tradição
88139-255,Rua Villas Boas
88139-119,Avenida Caravelas
88139-173,Avenida Nova Aurora
88139-110,Avenida Panorama
88139-150,Avenida Radiante
88139-137,Rodovia Evádio Paulo Broering
88139-147,Rua Acarai
88139-095,Rua Andaia
88139-099,Rua Andira
88139-171,Rua Araxá
88139-165,Rua Atalaia
88139-156,Rua Atalanta
88139-129,Rua Cananéia
88139-127,Rua Canindé
88139-106,Rua Clevelândia
88139-120,Rua Cuba
88139-122,Rua das Roseiras
88139-128,Rua Elizabete Souza
88139-136,Rua Gregória Matildes Martins
88139-102,Rua Guaciara
88139-131,Rua Guarapari
88139-116,Rua Guararema
88139-096,Rua Iguape
88139-153,Rua Ijui
88139-100,Rua Ipanema
88139-162,Rua Ipoema
88139-172,Rua Iponéia
88139-113,Rua Iporanga
88139-174,Rua Irajá
88139-115,Rua Itaipú
88139-111,Rua Itapema
88139-159,Rua Itatiaia
88139-168,Rua Itauna
88139-117,Rua Jandaia
88139-118,Rua Luzitânia
88139-107,Rua Miramar
88139-123,Rua Morumbi
88139-130,Rua Nativa
88139-142,Rua Osni Schart
88139-108,Rua Petúnia
88139-144,Rua Pica-Pau
88139-126,Rua Piratini
88139-098,Rua Realeza
88139-124,Rua Rosemiro Laurentino Pereira
88139-121,Rua Santarem
88139-143,Rua Seone Silva da Rocha
88139-140,Rua Taborá
88139-104,Rua Tangará
88139-135,Rua Tarumã
88139-125,Rua Tocantins
88139-133,Rua Tucumã
88131-600,Avenida Rio Grande
88131-601,Avenida Rio Grande
88131-798,Rua Izaura Juliana da Silva
88131-800,Rua Izaura Juliana da Silva
88131-790,Rua Adelino Vicente Melo
88131-761,Rua Amazonas
88131-700,Rua Arcanjo Cunha
88131-770,Rua Ari da Silva
88131-741,Rua Bom Jesus
88131-743,Rua Braulina Goulart
88131-740,Rua Bráulio Sebastião Goulart
88131-796,Rua Canoas
88131-735,Rua Cecília Luiza Weingartner
88131-687,Rua Diletta Rotta
88131-705,Rua Dona Bela
88131-793,Rua Dona Filomena
88131-725,Rua Doraci Freitas da Silva
88131-820,Rua Edson dos Santos
88131-690,Rua Eliseu Pereira
88131-710,Rua Ervino Espíndola
88131-730,Rua Francisco Alexandre
88131-792,Rua Frida Melzer Silva
88131-830,Rua Guilherme Luiz Steinmtz
88131-750,Rua Hermelino Santos
88131-760,Rua João Guilherme dos Santos
88131-720,Rua José Antônio de Oliveira
88131-805,Rua José de Lima Sobrinho
88131-791,Rua Maria Gorete Ramos
88131-723,Rua Maria Martins
88131-670,Rua Nossa Senhora da Conceição
88131-768,Rua Orlando de Souza
88131-776,Rua Paulo Vicente de Melo
88131-752,Rua Rosalina Felippe da Silva
88131-650,Rua Santa Maria
88131-680,Rua Santa Rosa de Lima
88131-655,Rua Santa Tereza
88131-675,Rua São José
88131-762,Rua São Paulo
88131-665,Rua São Pedro
88131-763,Rua Tocantins
88131-765,Rua Valdir João dos Santos
88131-754,Rua Valdirene Ventura de Lima
88131-764,Rua Vitória
88131-727,Servidão Adélia Maria Mariano
88131-772,Servidão do Flor
88131-794,Servidão Figueiras
88131-742,Servidão Goulart
88131-733,Servidão Heitor dos Passos
88131-745,Servidão Maria Estefana
88136-366,Rua Demétrio Novossate
88136-364,Rua Pedro Antônio dos Santos
88136-000,Rua Tomáz Domingos da Silveira
88136-500,Avenida Alaor Silveira
88136-230,Estrada Morro do Cipó
88136-231,Estrada Morro do Gato
88136-206,Rua Acre
88136-020,Rua Ademir da Silva
88136-099,Rua Adolfo Scheidt
88136-248,Rua Agostinho Fonseca
88136-207,Rua Alagoas
88136-264,Rua Alamanda
88136-240,Rua Alaor da Silveira
88136-208,Rua Alegrete
88136-040,Rua Altino Martins
88136-209,Rua Amapa
88136-358,Rua Amarilis
88136-026,Rua André Felipe Filho Sumar
88136-505,Rua Angra do Heroísmo
88136-202,Rua Arcendino dos Santos
88136-255,Rua Aristeu Arcendino de Souza
88136-274,Rua Aristides Bernardino da Silva
88136-075,Rua Arnoldo Ferreira
88136-019,Rua Avelino Hillesheim
88136-211,Rua Bahia
88136-088,Rua Bento Gonçalves
88136-354,Rua Calêndula
88136-053,Rua Canaã
88136-201,Rua Candido dos Santos
88136-213,Rua Ceará
88136-279,Rua Célio Casarin
88136-352,Rua Cravina
88136-044,Rua Cruz Alta
88136-510,Rua da Horta
88136-550,Rua das Flores
88136-072,Rua Das Palmeiras
88136-260,Rua David José dos Santos
88136-545,Rua de Ponta Delgada
88136-535,Rua de São Jorge
88136-283,Rua Dedé
88136-540,Rua do Corvo
88136-520,Rua dos Açores
88136-216,Rua Egberto Bittencourt
88136-246,Rua Egberto Rocha
88136-073,Rua Emilia Filomena de Jesus
88136-015,Rua Ernesto Albino
88136-212,Rua Espírito Santo
88132-248,Rua Expedicionário Aderbal Correa da Silva
88136-555,Rua Faial
88136-280,Rua Fernanda de Souza
88136-360,Rua Flor de Lis
88136-362,Rua Flor do Guarujá
88136-218,Rua Francisco Agostinho Coelho
88136-097,Rua Francisco Braz
88136-096,Rua Goias
88136-560,Rua Graciosa
88136-042,Rua Gramado
88136-025,Rua Helena Shmtiz da Silva
88136-262,Rua Hortência
88136-565,Rua Ilha do Pico
88136-530,Rua Ilha Terceira
88136-215,Rua Irmãs Silva
88136-219,Rua Israel João Fagundes
88136-043,Rua Jaime Silveira de Souza
88136-027,Rua Jaldir João Steinbach
88136-087,Rua João Antônio Vieira
88136-221,Rua João Candido dos Santos
88136-074,Rua João Fredolino Dias
88136-024,Rua João Norato Miguel
88136-247,Rua João Teodoro da Silva
88136-089,Rua José Bernardino de Lima
88136-272,Rua José Constâncio dos Santos
88136-290,Rua José Francisco de Souza
88136-245,Rua José Teodoro da Silva
88136-222,Rua Josino Jorge dos Santos
88136-021,Rua Laurentina Arminda Miguel
88136-223,Rua Leopoldo de Oliveira Waltrick
88136-203,Rua Luiz Aléssio Lenhani
88136-028,Rua Luiz Silva
88136-270,Rua Manoel da Silva
88136-090,Rua Manoel Duarte
88136-210,Rua Manoel Ferminio da Silva
88136-224,Rua Maranhão
88136-225,Rua Marcolina Teixeira Dias
88136-266,Rua Marcos Antônio Jesus
88136-263,Rua Margarida
88136-226,Rua Maria Candido Andrade
88136-265,Rua Maria Justina Coelho
88136-098,Rua Maria Martinha da Silva
88136-093,Rua Maria Martinho da Silva
88136-227,Rua Marina Vieira Branco
88136-200,Rua Marino Jorge dos Santos
88136-017,Rua Marlene Maria da Silva
88136-228,Rua Mato Grosso
88136-085,Rua Maurílio Artur dos Santos
88136-205,Rua Mercedes Candido dos Santos
88136-229,Rua Minas Gerais
88136-051,Rua Nelson Coelho
88136-070,Rua Nelson Gonçalves
88136-232,Rua Noel Feliciano da Rosa
88136-012,Rua Norberto José Coelho
88136-233,Rua Odete Truppel dos Santos
88136-356,Rua Onze Horas
88136-261,Rua Orquideas
88136-080,Rua Osni José de Souza
88136-234,Rua Pará
88136-250,Rua Paulo José de Souza
88136-095,Rua Paulo Manoel da Silva
88136-268,Rua Pedro David dos Santos
88136-267,Rua Pedro Edmundo Coelho
88136-023,Rua Pedro Jovino de Souza
88136-235,Rua Pernambuco
88136-350,Rua Perpétua
88136-236,Rua Piaui
88136-237,Rua Prudêncio de Morais
88136-238,Rua Recanto Gaucho
88136-239,Rua Rio Grande do Norte
88136-241,Rua Rondonia
88136-217,Rua Roraima
88136-010,Rua Rosa
88136-041,Rua Rosalina Prim Steinbach
88136-052,Rua Samuel de Souza
88136-251,Rua Santa Barbara
88136-252,Rua Santa Clara de Assis
88136-525,Rua Santa Maria
88136-253,Rua Santo André
88136-254,Rua Santo Expedito
88136-242,Rua São Cipriano
88136-243,Rua São Lazaro
88136-515,Rua São Miguel
88136-018,Rua Sérgio Luiz da Silva
88136-249,Rua Sergipe
88136-256,Rua Uruguaiana
88136-257,Rua Walmor Beppler
88136-060,Rua Zélia Maria dos Santos
88136-258,Rua Zélia Waltrick Schmitz
88136-091,Servidão Caetana Emília Breis
88136-101,Servidão das Pedras
88136-537,Servidão Francisco da Silva
88136-050,Servidão Gercino Ramos
88136-275,Servidão João Antônio da Fonseca
88136-277,Servidão Joaquina Fonseca
88136-204,Servidão Leopoldo Manoel da Silva
88136-259,Servidão Marco Antônio Mattos de Jesus
88136-055,Servidão Maria dos Santos Ramos
88132-249,Servidão Maria Laurinda
88136-220,Servidão Maria Vieira dos Santos
88136-054,Servidão Passos
88132-219,Servidão Plascindino Brasiliano dos Santos
88136-094,Servidão Robson Fraga
88136-103,Servidão Santa Rosa
88136-244,Servidão São Sebastião
88136-190,Servidão Silva Silveira
88136-214,Servidão Silvio João da Silva
88136-056,Servidão Soares